file,layer_name,type,priority,x,y,width,height,z_index,canvas_width,canvas_height,kv_canvas_width,kv_canvas_height,kv_x,kv_y,kv_width,kv_height,kv_z_index
Bubly_KV.psd,BACKGROUND,BACKGROUND,-1,0,0,1706,1706,0,1706,1706,1706.0,1706.0,0.0,0.0,1706.0,1706.0,0.0
Bubly_KV.psd,SUB HEADING,TEXT,2,381,1341,910,146,1,1706,1706,1706.0,1706.0,381.0,1341.0,910.0,146.0,1.0
Bubly_KV.psd,COPY,TEXT,2,172,219,1361,162,2,1706,1706,1706.0,1706.0,172.0,219.0,1361.0,162.0,2.0
Bubly_KV.psd,SKUs,PRODUCT,2,232,523,1273,570,3,1706,1706,1706.0,1706.0,232.0,523.0,1273.0,570.0,3.0
Gatorade_HBTW_KV.psd,BACKGROUND,BACKGROUND,-1,0,0,1920,1080,0,1920,1080,1920.0,1080.0,0.0,0.0,1920.0,1080.0,0.0
Gatorade_HBTW_KV.psd,SKUs,PRODUCT,2,287,238,1330,842,1,1920,1080,1920.0,1080.0,287.0,238.0,1330.0,842.0,1.0
Gatorade_HBTW_KV.psd,LOGO,LOGO,2,19,535,10,367,2,1920,1080,1920.0,1080.0,19.0,535.0,10.0,367.0,2.0
Gatorade_HBTW_KV.psd,COPY,TEXT,2,51,55,1818,126,3,1920,1080,1920.0,1080.0,51.0,55.0,1818.0,126.0,3.0
Gatorade_HBTW_KV.psd,LOGO,LOGO,2,1781,929,104,113,4,1920,1080,1920.0,1080.0,1781.0,929.0,104.0,113.0,4.0
Gatorade_Mashups_KV.psd,BACKGROUND,BACKGROUND,-1,0,-7,1920,1094,0,1920,1080,1920.0,1080.0,0.0,-7.0,1920.0,1094.0,0.0
Gatorade_Mashups_KV.psd,CTA,CTA,2,79,640,744,181,1,1920,1080,1920.0,1080.0,79.0,640.0,744.0,181.0,1.0
Gatorade_Mashups_KV.psd,LEGAL,LEGAL,2,85,902,647,120,2,1920,1080,1920.0,1080.0,85.0,902.0,647.0,120.0,2.0
Gatorade_Mashups_KV.psd,COPY,TEXT,2,180,95,542,304,3,1920,1080,1920.0,1080.0,180.0,95.0,542.0,304.0,3.0
Gatorade_Mashups_KV.psd,SKUs,PRODUCT,2,872,96,1030,997,4,1920,1080,1920.0,1080.0,872.0,96.0,1030.0,997.0,4.0
Gatorade_Mashups_KV.psd,SUB HEADING,TEXT,2,110,400,682,224,5,1920,1080,1920.0,1080.0,110.0,400.0,682.0,224.0,5.0
Pepsi_KV.psd,BACKGROUND,BACKGROUND,-1,0,0,1920,1080,0,1920,1080,1920.0,1080.0,0.0,0.0,1920.0,1080.0,0.0
Pepsi_KV.psd,LOGO,LOGO,2,79,393,656,295,1,1920,1080,1920.0,1080.0,79.0,393.0,656.0,295.0,1.0
Pepsi_KV.psd,SKUs,PRODUCT,2,773,210,373,725,2,1920,1080,1920.0,1080.0,773.0,210.0,373.0,725.0,2.0
Pepsi_KV.psd,COPY,TEXT,2,1218,338,614,243,3,1920,1080,1920.0,1080.0,1218.0,338.0,614.0,243.0,3.0
Pepsi_KV.psd,CTA,CTA,2,1218,638,603,150,4,1920,1080,1920.0,1080.0,1218.0,638.0,603.0,150.0,4.0
Pepsi_KV.psd,LEGAL,LEGAL,2,1501,1022,378,13,5,1920,1080,1920.0,1080.0,1501.0,1022.0,378.0,13.0,5.0
Ruffles_KV.psd,BACKGROUND,BACKGROUND,-1,0,0,1920,1080,0,1920,1080,1920.0,1080.0,0.0,0.0,1920.0,1080.0,0.0
Ruffles_KV.psd,COPY,TEXT,2,0,107,913,483,1,1920,1080,1920.0,1080.0,0.0,107.0,913.0,483.0,1.0
Ruffles_KV.psd,LOGO,LOGO,2,1305,784,568,265,2,1920,1080,1920.0,1080.0,1305.0,784.0,568.0,265.0,2.0
Ruffles_KV.psd,SKUs,PRODUCT,2,644,21,795,930,3,1920,1080,1920.0,1080.0,644.0,21.0,795.0,930.0,3.0
Starbucks_KV.psd,BACKGROUND,BACKGROUND,-1,0,0,1920,1080,0,1920,1080,1920.0,1080.0,0.0,0.0,1920.0,1080.0,0.0
Starbucks_KV.psd,COPY,TEXT,2,80,355,1769,209,1,1920,1080,1920.0,1080.0,80.0,355.0,1769.0,209.0,1.0
Starbucks_KV.psd,SKUs,PRODUCT,2,236,-2,1198,963,2,1920,1080,1920.0,1080.0,236.0,-2.0,1198.0,963.0,2.0
Starbucks_KV.psd,LOGO,LOGO,2,1484,888,365,118,3,1920,1080,1920.0,1080.0,1484.0,888.0,365.0,118.0,3.0
Starbucks_KV.psd,LEGAL,LEGAL,2,80,919,480,87,4,1920,1080,1920.0,1080.0,80.0,919.0,480.0,87.0,4.0
Starbucks_KV.psd,SUB HEADING,TEXT,2,1341,596,508,208,5,1920,1080,1920.0,1080.0,1341.0,596.0,508.0,208.0,5.0
Bubly_160X600.psd,BACKGROUND,BACKGROUND,-1,0,0,160,600,0,160,600,1706.0,1706.0,0.0,0.0,1706.0,1706.0,0.0
Bubly_160X600.psd,SKUs,PRODUCT,2,0,224,160,334,1,160,600,1706.0,1706.0,232.0,523.0,1273.0,570.0,3.0
Bubly_160X600.psd,COPY,TEXT,2,12,85,139,66,2,160,600,1706.0,1706.0,381.0,1341.0,910.0,146.0,1.0
Bubly_160X600.psd,CTA,CTA,2,12,522,139,37,3,160,600,1706.0,1706.0,,,,,
Bubly_160X600.psd,SUB HEADING,TEXT,2,14,406,132,63,4,160,600,1706.0,1706.0,381.0,1341.0,910.0,146.0,1.0
Bubly_300X250.psd,BACKGROUND,BACKGROUND,-1,0,0,300,250,0,300,250,1706.0,1706.0,0.0,0.0,1706.0,1706.0,0.0
Bubly_300X250.psd,SKUs,PRODUCT,2,0,63,278,187,1,300,250,1706.0,1706.0,232.0,523.0,1273.0,570.0,3.0
Bubly_300X250.psd,COPY,TEXT,2,33,24,236,28,2,300,250,1706.0,1706.0,381.0,1341.0,910.0,146.0,1.0
Bubly_300X250.psd,CTA,CTA,2,101,212,101,27,3,300,250,1706.0,1706.0,,,,,
Bubly_300X250.psd,SUB HEADING,TEXT,2,19,189,263,12,4,300,250,1706.0,1706.0,381.0,1341.0,910.0,146.0,1.0
Bubly_300X50.psd,BACKGROUND,BACKGROUND,-1,0,0,300,50,0,300,50,1706.0,1706.0,0.0,0.0,1706.0,1706.0,0.0
Bubly_300X50.psd,SKUs,PRODUCT,2,114,4,118,46,1,300,50,1706.0,1706.0,232.0,523.0,1273.0,570.0,3.0
Bubly_300X50.psd,CTA,CTA,2,238,17,58,15,2,300,50,1706.0,1706.0,,,,,
Bubly_300X50.psd,COPY,TEXT,2,6,17,101,12,3,300,50,1706.0,1706.0,381.0,1341.0,910.0,146.0,1.0
Bubly_300X600.psd,BACKGROUND,BACKGROUND,-1,0,0,300,600,0,300,600,1706.0,1706.0,0.0,0.0,1706.0,1706.0,0.0
Bubly_300X600.psd,SKUs,PRODUCT,2,0,183,300,417,1,300,600,1706.0,1706.0,232.0,523.0,1273.0,570.0,3.0
Bubly_300X600.psd,COPY,TEXT,2,45,48,212,101,2,300,600,1706.0,1706.0,381.0,1341.0,910.0,146.0,1.0
Bubly_300X600.psd,CTA,CTA,2,67,509,167,45,3,300,600,1706.0,1706.0,,,,,
Bubly_300X600.psd,SUB HEADING,TEXT,2,9,441,284,47,4,300,600,1706.0,1706.0,381.0,1341.0,910.0,146.0,1.0
Bubly_320X50.psd,BACKGROUND,BACKGROUND,-1,0,0,320,50,0,320,50,1706.0,1706.0,0.0,0.0,1706.0,1706.0,0.0
Bubly_320X50.psd,CTA,CTA,2,257,17,58,15,1,320,50,1706.0,1706.0,,,,,
Bubly_320X50.psd,SKUs,PRODUCT,2,130,1,119,49,2,320,50,1706.0,1706.0,232.0,523.0,1273.0,570.0,3.0
Bubly_320X50.psd,COPY,TEXT,2,6,16,117,14,3,320,50,1706.0,1706.0,381.0,1341.0,910.0,146.0,1.0
Bubly_728X90.psd,BACKGROUND,BACKGROUND,-1,0,0,728,90,0,728,90,1706.0,1706.0,0.0,0.0,1706.0,1706.0,0.0
Bubly_728X90.psd,SKUs,PRODUCT,2,280,0,276,90,1,728,90,1706.0,1706.0,232.0,523.0,1273.0,570.0,3.0
Bubly_728X90.psd,COPY,TEXT,2,36,29,222,27,2,728,90,1706.0,1706.0,381.0,1341.0,910.0,146.0,1.0
Bubly_728X90.psd,CTA,CTA,2,576,28,130,34,3,728,90,1706.0,1706.0,,,,,
Gatorade_HBTW_160X600.psd,BACKGROUND,BACKGROUND,-1,0,0,160,600,0,160,600,1920.0,1080.0,0.0,0.0,1920.0,1080.0,0.0
Gatorade_HBTW_160X600.psd,LOGO,LOGO,2,51,394,59,63,1,160,600,1920.0,1080.0,19.0,535.0,10.0,367.0,2.0
Gatorade_HBTW_160X600.psd,SKUs,PRODUCT,2,4,189,166,275,2,160,600,1920.0,1080.0,287.0,238.0,1330.0,842.0,1.0
Gatorade_HBTW_160X600.psd,LEGAL,LEGAL,2,22,479,116,11,3,160,600,1920.0,1080.0,,,,,
Gatorade_HBTW_160X600.psd,CTA,CTA,2,29,523,105,55,4,160,600,1920.0,1080.0,,,,,
Gatorade_HBTW_160X600.psd,COPY,TEXT,2,15,36,132,123,5,160,600,1920.0,1080.0,51.0,55.0,1818.0,126.0,3.0
Gatorade_HBTW_300X250.psd,BACKGROUND,BACKGROUND,-1,0,0,300,250,0,300,250,1920.0,1080.0,0.0,0.0,1920.0,1080.0,0.0
Gatorade_HBTW_300X250.psd,LOGO,LOGO,2,271,165,27,30,1,300,250,1920.0,1080.0,19.0,535.0,10.0,367.0,2.0
Gatorade_HBTW_300X250.psd,SKUs,PRODUCT,2,34,40,243,208,2,300,250,1920.0,1080.0,287.0,238.0,1330.0,842.0,1.0
Gatorade_HBTW_300X250.psd,LEGAL,LEGAL,2,3,188,167,5,3,300,250,1920.0,1080.0,,,,,
Gatorade_HBTW_300X250.psd,CTA,CTA,2,38,209,225,30,4,300,250,1920.0,1080.0,,,,,
Gatorade_HBTW_300X250.psd,COPY,TEXT,2,21,14,258,19,5,300,250,1920.0,1080.0,51.0,55.0,1818.0,126.0,3.0
Gatorade_HBTW_320X480.psd,BACKGROUND,BACKGROUND,-1,0,0,320,480,0,320,480,1920.0,1080.0,0.0,0.0,1920.0,1080.0,0.0
Gatorade_HBTW_320X480.psd,LOGO,LOGO,2,136,346,50,53,1,320,480,1920.0,1080.0,19.0,535.0,10.0,367.0,2.0
Gatorade_HBTW_320X480.psd,SKUs,PRODUCT,2,4,138,321,275,2,320,480,1920.0,1080.0,287.0,238.0,1330.0,842.0,1.0
Gatorade_HBTW_320X480.psd,LEGAL,LEGAL,2,47,407,228,5,3,320,480,1920.0,1080.0,,,,,
Gatorade_HBTW_320X480.psd,CTA,CTA,2,51,433,218,30,4,320,480,1920.0,1080.0,,,,,
Gatorade_HBTW_320X480.psd,COPY,TEXT,2,32,52,252,65,5,320,480,1920.0,1080.0,51.0,55.0,1818.0,126.0,3.0
Gatorade_HBTW_320X50.psd,BACKGROUND,BACKGROUND,-1,0,0,320,50,0,320,50,1920.0,1080.0,0.0,0.0,1920.0,1080.0,0.0
Gatorade_HBTW_320X50.psd,LOGO,LOGO,2,6,12,25,27,1,320,50,1920.0,1080.0,19.0,535.0,10.0,367.0,2.0
Gatorade_HBTW_320X50.psd,SKUs,PRODUCT,2,182,3,53,87,2,320,50,1920.0,1080.0,287.0,238.0,1330.0,842.0,1.0
Gatorade_HBTW_320X50.psd,LEGAL,LEGAL,2,42,40,140,4,3,320,50,1920.0,1080.0,,,,,
Gatorade_HBTW_320X50.psd,CTA,CTA,2,253,18,54,15,4,320,50,1920.0,1080.0,,,,,
Gatorade_HBTW_320X50.psd,COPY,TEXT,2,42,6,125,33,5,320,50,1920.0,1080.0,51.0,55.0,1818.0,126.0,3.0
Gatorade_HBTW_728X90.psd,BACKGROUND,BACKGROUND,-1,0,0,728,90,0,728,90,1920.0,1080.0,0.0,0.0,1920.0,1080.0,0.0
Gatorade_HBTW_728X90.psd,LOGO,LOGO,2,18,16,57,61,1,728,90,1920.0,1080.0,19.0,535.0,10.0,367.0,2.0
Gatorade_HBTW_728X90.psd,SKUs,PRODUCT,2,391,8,187,160,2,728,90,1920.0,1080.0,287.0,238.0,1330.0,842.0,1.0
Gatorade_HBTW_728X90.psd,LEGAL,LEGAL,2,112,77,257,7,3,728,90,1920.0,1080.0,,,,,
Gatorade_HBTW_728X90.psd,CTA,CTA,2,604,30,109,30,4,728,90,1920.0,1080.0,,,,,
Gatorade_HBTW_728X90.psd,COPY,TEXT,2,112,15,229,59,5,728,90,1920.0,1080.0,51.0,55.0,1818.0,126.0,3.0
Gatorade_KHKG_1140X40.psd,BACKGROUND,BACKGROUND,-1,0,0,1140,40,0,1140,40,,,,,,,
Gatorade_KHKG_1140X40.psd,LOGO,LOGO,2,21,5,27,30,1,1140,40,,,,,,,
Gatorade_KHKG_1140X40.psd,SKUs,PRODUCT,2,518,2,52,51,2,1140,40,,,,,,,
Gatorade_KHKG_1140X40.psd,SKUs,PRODUCT,2,778,0,53,53,3,1140,40,,,,,,,
Gatorade_KHKG_1140X40.psd,SKUs,PRODUCT,2,923,4,21,62,4,1140,40,,,,,,,
Gatorade_KHKG_1140X40.psd,SKUs,PRODUCT,2,664,3,24,56,5,1140,40,,,,,,,
Gatorade_KHKG_1140X40.psd,CTA,CTA,2,1024,6,77,29,6,1140,40,,,,,,,
Gatorade_KHKG_1140X40.psd,COPY,TEXT,2,66,14,179,13,7,1140,40,,,,,,,
Gatorade_KHKG_1140X40.psd,SUB HEADING,TEXT,2,252,10,145,17,8,1140,40,,,,,,,
Gatorade_KHKG_160X600.psd,BACKGROUND,BACKGROUND,-1,0,0,160,600,0,160,600,,,,,,,
Gatorade_KHKG_160X600.psd,LOGO,LOGO,2,47,21,61,65,1,160,600,,,,,,,
Gatorade_KHKG_160X600.psd,SKUs,PRODUCT,2,-10,275,175,211,2,160,600,,,,,,,
Gatorade_KHKG_160X600.psd,CTA,CTA,2,27,485,105,40,3,160,600,,,,,,,
Gatorade_KHKG_160X600.psd,COPY,TEXT,2,20,94,120,65,4,160,600,,,,,,,
Gatorade_KHKG_160X600.psd,SUB HEADING,TEXT,2,34,170,93,30,5,160,600,,,,,,,
Gatorade_KHKG_160X600.psd,FIXED,FIXED,3,0,540,160,60,6,160,600,,,,,,,
Gatorade_KHKG_250X250.psd,BACKGROUND,BACKGROUND,-1,0,0,250,250,0,250,250,,,,,,,
Gatorade_KHKG_250X250.psd,LOGO,LOGO,2,13,13,33,38,1,250,250,,,,,,,
Gatorade_KHKG_250X250.psd,SKUs,PRODUCT,2,103,70,148,130,2,250,250,,,,,,,
Gatorade_KHKG_250X250.psd,SUB HEADING,TEXT,2,13,101,83,29,3,250,250,,,,,,,
Gatorade_KHKG_250X250.psd,COPY,TEXT,2,13,59,126,35,4,250,250,,,,,,,
Gatorade_KHKG_250X250.psd,FIXED,FIXED,3,0,196,250,56,5,250,250,,,,,,,
Gatorade_KHKG_300X250.psd,BACKGROUND,BACKGROUND,-1,0,0,300,250,0,300,250,,,,,,,
Gatorade_KHKG_300X250.psd,CTA,CTA,2,19,199,105,40,1,300,250,,,,,,,
Gatorade_KHKG_300X250.psd,SKUs,PRODUCT,2,126,105,173,151,2,300,250,,,,,,,
Gatorade_KHKG_300X250.psd,LOGO,LOGO,2,19,11,46,53,3,300,250,,,,,,,
Gatorade_KHKG_300X250.psd,SUB HEADING,TEXT,2,18,123,92,28,4,300,250,,,,,,,
Gatorade_KHKG_300X250.psd,COPY,TEXT,2,18,74,153,43,5,300,250,,,,,,,
Gatorade_KHKG_300X600.psd,BACKGROUND,BACKGROUND,-1,0,0,300,600,0,300,600,,,,,,,
Gatorade_KHKG_300X600.psd,SKUs,PRODUCT,2,0,241,296,245,1,300,600,,,,,,,
Gatorade_KHKG_300X600.psd,CTA,CTA,2,97,484,105,40,2,300,600,,,,,,,
Gatorade_KHKG_300X600.psd,FIXED,FIXED,3,-1,540,600,61,3,300,600,,,,,,,
Gatorade_KHKG_300X600.psd,COPY,TEXT,2,73,102,153,43,4,300,600,,,,,,,
Gatorade_KHKG_300X600.psd,SUB HEADING,TEXT,2,68,158,164,16,5,300,600,,,,,,,
Gatorade_KHKG_300X600.psd,LOGO,LOGO,2,122,31,56,63,6,300,600,,,,,,,
Gatorade_KHKG_314X60.psd,BACKGROUND,BACKGROUND,-1,0,0,314,60,0,314,60,,,,,,,
Gatorade_KHKG_314X60.psd,SKUs,PRODUCT,2,201,5,28,83,1,314,60,,,,,,,
Gatorade_KHKG_314X60.psd,SKUs,PRODUCT,2,166,6,32,75,2,314,60,,,,,,,
Gatorade_KHKG_314X60.psd,LOGO,LOGO,2,17,9,36,41,3,314,60,,,,,,,
Gatorade_KHKG_314X60.psd,CTA,CTA,2,238,18,70,26,4,314,60,,,,,,,
Gatorade_KHKG_314X60.psd,COPY,TEXT,2,64,19,98,27,5,314,60,,,,,,,
Gatorade_KHKG_486X58.psd,BACKGROUND,BACKGROUND,-1,0,0,486,58,0,486,58,,,,,,,
Gatorade_KHKG_486X58.psd,SKUs,PRODUCT,2,218,6,73,72,1,486,58,,,,,,,
Gatorade_KHKG_486X58.psd,SKUs,PRODUCT,2,311,5,69,71,2,486,58,,,,,,,
Gatorade_KHKG_486X58.psd,LOGO,LOGO,2,10,11,34,38,3,486,58,,,,,,,
Gatorade_KHKG_486X58.psd,CTA,CTA,2,402,17,73,27,4,486,58,,,,,,,
Gatorade_KHKG_486X58.psd,COPY,TEXT,2,56,10,98,26,5,486,58,,,,,,,
Gatorade_KHKG_486X58.psd,SUB HEADING,TEXT,2,56,37,124,14,6,486,58,,,,,,,
Gatorade_KHKG_970X250.psd,BACKGROUND,BACKGROUND,-1,0,0,970,250,0,970,250,,,,,,,
Gatorade_KHKG_970X250.psd,LOGO,LOGO,2,35,83,82,95,1,970,250,,,,,,,
Gatorade_KHKG_970X250.psd,SKUs,PRODUCT,2,438,-3,353,269,2,970,250,,,,,,,
Gatorade_KHKG_970X250.psd,COPY,TEXT,2,165,71,275,76,3,970,250,,,,,,,
Gatorade_KHKG_970X250.psd,SUB HEADING,TEXT,2,166,157,164,16,4,970,250,,,,,,,
Gatorade_KHKG_970X250.psd,FIXED,FIXED,3,808,0,162,250,5,970,250,,,,,,,
Gatorade_Mashups_1080X1080.psd,BACKGROUND,BACKGROUND,-1,0,0,1080,1080,0,1080,1080,1920.0,1080.0,0.0,-7.0,1920.0,1094.0,0.0
Gatorade_Mashups_1080X1080.psd,SKUs,PRODUCT,2,280,424,514,590,1,1080,1080,1920.0,1080.0,872.0,96.0,1030.0,997.0,4.0
Gatorade_Mashups_1080X1080.psd,LOGO,LOGO,2,842,886,174,139,2,1080,1080,1920.0,1080.0,,,,,
Gatorade_Mashups_1080X1080.psd,COPY,TEXT,2,168,96,741,209,3,1080,1080,1920.0,1080.0,180.0,95.0,542.0,304.0,3.0
Gatorade_Mashups_1200X628.psd,BACKGROUND,BACKGROUND,-1,0,0,1200,628,0,1200,628,1920.0,1080.0,0.0,-7.0,1920.0,1094.0,0.0
Gatorade_Mashups_1200X628.psd,SKUs,PRODUCT,2,621,61,451,518,1,1200,628,1920.0,1080.0,872.0,96.0,1030.0,997.0,4.0
Gatorade_Mashups_1200X628.psd,COPY,TEXT,2,38,191,453,254,2,1200,628,1920.0,1080.0,180.0,95.0,542.0,304.0,3.0
Gatorade_Mashups_1200X628.psd,LOGO,LOGO,2,15,30,124,98,3,1200,628,1920.0,1080.0,,,,,
Gatorade_Mashups_160X600.psd,BACKGROUND,BACKGROUND,-1,0,0,160,600,0,160,600,1920.0,1080.0,0.0,-7.0,1920.0,1094.0,0.0
Gatorade_Mashups_160X600.psd,SKUs,PRODUCT,2,33,159,96,179,1,160,600,1920.0,1080.0,872.0,96.0,1030.0,997.0,4.0
Gatorade_Mashups_160X600.psd,SKUs,PRODUCT,2,36,364,90,178,2,160,600,1920.0,1080.0,872.0,96.0,1030.0,997.0,4.0
Gatorade_Mashups_160X600.psd,CTA,CTA,2,8,557,144,30,3,160,600,1920.0,1080.0,79.0,640.0,744.0,181.0,1.0
Gatorade_Mashups_160X600.psd,COPY,TEXT,2,17,64,126,70,4,160,600,1920.0,1080.0,180.0,95.0,542.0,304.0,3.0
Gatorade_Mashups_160X600.psd,LOGO,LOGO,2,52,12,55,43,5,160,600,1920.0,1080.0,,,,,
Gatorade_Mashups_300X250.psd,BACKGROUND,BACKGROUND,-1,0,0,300,250,0,300,250,1920.0,1080.0,0.0,-7.0,1920.0,1094.0,0.0
Gatorade_Mashups_300X250.psd,SKUs,PRODUCT,2,160,62,139,160,1,300,250,1920.0,1080.0,872.0,96.0,1030.0,997.0,4.0
Gatorade_Mashups_300X250.psd,COPY,TEXT,2,5,74,136,77,2,300,250,1920.0,1080.0,180.0,95.0,542.0,304.0,3.0
Gatorade_Mashups_300X250.psd,LOGO,LOGO,2,5,10,46,36,3,300,250,1920.0,1080.0,,,,,
Gatorade_Mashups_300X250.psd,CTA,CTA,2,12,164,121,25,4,300,250,1920.0,1080.0,79.0,640.0,744.0,181.0,1.0
Gatorade_Mashups_300X50.psd,BACKGROUND,BACKGROUND,-1,0,0,300,50,0,300,50,1920.0,1080.0,0.0,-7.0,1920.0,1094.0,0.0
Gatorade_Mashups_300X50.psd,SKUs,PRODUCT,2,126,3,86,76,1,300,50,1920.0,1080.0,872.0,96.0,1030.0,997.0,4.0
Gatorade_Mashups_300X50.psd,CTA,CTA,2,213,17,78,17,2,300,50,1920.0,1080.0,79.0,640.0,744.0,181.0,1.0
Gatorade_Mashups_300X50.psd,COPY,TEXT,2,55,6,64,37,3,300,50,1920.0,1080.0,180.0,95.0,542.0,304.0,3.0
Gatorade_Mashups_300X50.psd,LOGO,LOGO,2,11,10,38,30,4,300,50,1920.0,1080.0,,,,,
Gatorade_Mashups_300X600.psd,BACKGROUND,BACKGROUND,-1,0,0,300,600,0,300,600,1920.0,1080.0,0.0,-7.0,1920.0,1094.0,0.0
Gatorade_Mashups_300X600.psd,SKUs,PRODUCT,2,42,256,218,250,1,300,600,1920.0,1080.0,872.0,96.0,1030.0,997.0,4.0
Gatorade_Mashups_300X600.psd,COPY,TEXT,2,40,64,222,124,2,300,600,1920.0,1080.0,180.0,95.0,542.0,304.0,3.0
Gatorade_Mashups_300X600.psd,LOGO,LOGO,2,12,12,54,43,3,300,600,1920.0,1080.0,,,,,
Gatorade_Mashups_300X600.psd,CTA,CTA,2,41,530,219,46,4,300,600,1920.0,1080.0,79.0,640.0,744.0,181.0,1.0
Gatorade_Mashups_320X50.psd,BACKGROUND,BACKGROUND,-1,0,0,320,50,0,320,50,1920.0,1080.0,0.0,-7.0,1920.0,1094.0,0.0
Gatorade_Mashups_320X50.psd,LOGO,LOGO,2,10,10,39,31,1,320,50,1920.0,1080.0,,,,,
Gatorade_Mashups_320X50.psd,SKUs,PRODUCT,2,131,1,89,78,2,320,50,1920.0,1080.0,872.0,96.0,1030.0,997.0,4.0
Gatorade_Mashups_320X50.psd,CTA,CTA,2,226,16,87,19,3,320,50,1920.0,1080.0,79.0,640.0,744.0,181.0,1.0
Gatorade_Mashups_320X50.psd,COPY,TEXT,2,54,6,67,38,4,320,50,1920.0,1080.0,180.0,95.0,542.0,304.0,3.0
Gatorade_Mashups_720X1280.psd,BACKGROUND,BACKGROUND,-1,0,0,720,1280,0,720,1280,1920.0,1080.0,0.0,-7.0,1920.0,1094.0,0.0
Gatorade_Mashups_720X1280.psd,SKUs,PRODUCT,2,100,587,533,613,1,720,1280,1920.0,1080.0,872.0,96.0,1030.0,997.0,4.0
Gatorade_Mashups_720X1280.psd,COPY,TEXT,2,105,141,517,298,2,720,1280,1920.0,1080.0,180.0,95.0,542.0,304.0,3.0
Gatorade_Mashups_720X1280.psd,LOGO,LOGO,2,23,23,136,108,3,720,1280,1920.0,1080.0,,,,,
Gatorade_Mashups_728X90.psd,BACKGROUND,BACKGROUND,-1,0,0,728,90,0,728,90,1920.0,1080.0,0.0,-7.0,1920.0,1094.0,0.0
Gatorade_Mashups_728X90.psd,CTA,CTA,2,505,25,196,41,1,728,90,1920.0,1080.0,79.0,640.0,744.0,181.0,1.0
Gatorade_Mashups_728X90.psd,COPY,TEXT,2,139,8,135,76,2,728,90,1920.0,1080.0,180.0,95.0,542.0,304.0,3.0
Gatorade_Mashups_728X90.psd,SKUs,PRODUCT,2,304,7,172,152,3,728,90,1920.0,1080.0,872.0,96.0,1030.0,997.0,4.0
Gatorade_Mashups_728X90.psd,LOGO,LOGO,2,32,11,89,70,4,728,90,1920.0,1080.0,,,,,
Gatorade_Mashups_800X418.psd,BACKGROUND,BACKGROUND,-1,0,0,800,418,0,800,418,1920.0,1080.0,0.0,-7.0,1920.0,1094.0,0.0
Gatorade_Mashups_800X418.psd,SKUs,PRODUCT,2,305,38,477,395,1,800,418,1920.0,1080.0,872.0,96.0,1030.0,997.0,4.0
Gatorade_Mashups_800X418.psd,COPY,TEXT,2,45,124,244,137,2,800,418,1920.0,1080.0,180.0,95.0,542.0,304.0,3.0
Gatorade_Mashups_800X418.psd,LOGO,LOGO,2,142,56,50,55,3,800,418,1920.0,1080.0,,,,,
Gatorade_Mashups_800X418.psd,CTA,CTA,2,45,277,244,91,4,800,418,1920.0,1080.0,79.0,640.0,744.0,181.0,1.0
Gatorade_RR_300X250.psd,BACKGROUND,BACKGROUND,-1,0,0,300,250,0,300,250,,,,,,,
Gatorade_RR_300X250.psd,SKUs,PRODUCT,2,40,65,238,148,1,300,250,,,,,,,
Gatorade_RR_300X250.psd,CTA,CTA,2,18,216,264,28,2,300,250,,,,,,,
Gatorade_RR_300X250.psd,COPY,TEXT,2,87,14,187,51,3,300,250,,,,,,,
Gatorade_RR_300X250.psd,LOGO,LOGO,2,27,12,49,54,4,300,250,,,,,,,
Gatorade_RR_728X90.psd,BACKGROUND,BACKGROUND,-1,0,0,728,90,0,728,90,,,,,,,
Gatorade_RR_728X90.psd,SKUs,PRODUCT,2,366,0,147,90,1,728,90,,,,,,,
Gatorade_RR_728X90.psd,CTA,CTA,2,521,19,189,52,2,728,90,,,,,,,
Gatorade_RR_728X90.psd,LOGO,LOGO,2,14,5,73,80,3,728,90,,,,,,,
Gatorade_RR_728X90.psd,COPY,TEXT,2,110,12,242,66,4,728,90,,,,,,,
Gatorade_RR_896X504.psd,BACKGROUND,BACKGROUND,-1,0,0,896,504,0,896,504,,,,,,,
Gatorade_RR_896X504.psd,SKUs,PRODUCT,2,372,74,566,352,1,896,504,,,,,,,
Gatorade_RR_896X504.psd,COPY,TEXT,2,20,250,343,92,2,896,504,,,,,,,
Gatorade_RR_896X504.psd,LOGO,LOGO,2,150,132,82,91,3,896,504,,,,,,,
Pepsi_1080X1080.psd,BACKGROUND,BACKGROUND,-1,0,0,1080,1080,0,1080,1080,1920.0,1080.0,0.0,0.0,1920.0,1080.0,0.0
Pepsi_1080X1080.psd,COPY,TEXT,2,599,131,426,169,1,1080,1080,1920.0,1080.0,1218.0,338.0,614.0,243.0,3.0
Pepsi_1080X1080.psd,SKUs,PRODUCT,2,661,356,305,593,2,1080,1080,1920.0,1080.0,773.0,210.0,373.0,725.0,2.0
Pepsi_1080X1080.psd,LOGO,LOGO,2,27,337,482,436,3,1080,1080,1920.0,1080.0,79.0,393.0,656.0,295.0,1.0
Pepsi_1200X628.psd,BACKGROUND,BACKGROUND,-1,0,0,1200,628,0,1200,628,1920.0,1080.0,0.0,0.0,1920.0,1080.0,0.0
Pepsi_1200X628.psd,COPY,TEXT,2,734,62,342,134,1,1200,628,1920.0,1080.0,1218.0,338.0,614.0,243.0,3.0
Pepsi_1200X628.psd,SKUs,PRODUCT,2,812,231,185,360,2,1200,628,1920.0,1080.0,773.0,210.0,373.0,725.0,2.0
Pepsi_1200X628.psd,LOGO,LOGO,2,76,124,452,408,3,1200,628,1920.0,1080.0,79.0,393.0,656.0,295.0,1.0
Pepsi_160X600.psd,BACKGROUND,BACKGROUND,-1,0,0,160,600,0,160,600,1920.0,1080.0,0.0,0.0,1920.0,1080.0,0.0
Pepsi_160X600.psd,COPY,TEXT,2,12,396,135,91,1,160,600,1920.0,1080.0,1218.0,338.0,614.0,243.0,3.0
Pepsi_160X600.psd,SKUs,PRODUCT,2,34,183,93,180,2,160,600,1920.0,1080.0,773.0,210.0,373.0,725.0,2.0
Pepsi_160X600.psd,CTA,CTA,2,14,521,131,31,3,160,600,1920.0,1080.0,1218.0,638.0,603.0,150.0,4.0
Pepsi_160X600.psd,LOGO,LOGO,2,9,75,142,86,4,160,600,1920.0,1080.0,79.0,393.0,656.0,295.0,1.0
Pepsi_300X250.psd,BACKGROUND,BACKGROUND,-1,0,0,300,250,0,300,250,1920.0,1080.0,0.0,0.0,1920.0,1080.0,0.0
Pepsi_300X250.psd,SKUs,PRODUCT,2,197,78,56,111,1,300,250,1920.0,1080.0,773.0,210.0,373.0,725.0,2.0
Pepsi_300X250.psd,CTA,CTA,2,175,202,100,24,2,300,250,1920.0,1080.0,1218.0,638.0,603.0,150.0,4.0
Pepsi_300X250.psd,LOGO,LOGO,2,12,72,126,133,3,300,250,1920.0,1080.0,79.0,393.0,656.0,295.0,1.0
Pepsi_300X250.psd,COPY,TEXT,2,176,26,98,40,4,300,250,1920.0,1080.0,1218.0,338.0,614.0,243.0,3.0
Pepsi_300X50.psd,BACKGROUND,BACKGROUND,-1,0,0,300,50,0,300,50,1920.0,1080.0,0.0,0.0,1920.0,1080.0,0.0
Pepsi_300X50.psd,CTA,CTA,2,225,17,67,16,1,300,50,1920.0,1080.0,1218.0,638.0,603.0,150.0,4.0
Pepsi_300X50.psd,COPY,TEXT,2,141,11,74,31,2,300,50,1920.0,1080.0,1218.0,338.0,614.0,243.0,3.0
Pepsi_300X50.psd,LOGO,LOGO,2,9,3,122,45,3,300,50,1920.0,1080.0,79.0,393.0,656.0,295.0,1.0
Pepsi_300X600.psd,BACKGROUND,BACKGROUND,-1,0,0,300,600,0,300,600,1920.0,1080.0,0.0,0.0,1920.0,1080.0,0.0
Pepsi_300X600.psd,COPY,TEXT,2,24,361,253,101,1,300,600,1920.0,1080.0,1218.0,338.0,614.0,243.0,3.0
Pepsi_300X600.psd,CTA,CTA,2,51,491,198,47,2,300,600,1920.0,1080.0,1218.0,638.0,603.0,150.0,4.0
Pepsi_300X600.psd,LOGO,LOGO,2,34,50,235,226,3,300,600,1920.0,1080.0,79.0,393.0,656.0,295.0,1.0
Pepsi_320X50.psd,BACKGROUND,BACKGROUND,-1,0,0,320,50,0,320,50,1920.0,1080.0,0.0,0.0,1920.0,1080.0,0.0
Pepsi_320X50.psd,COPY,TEXT,2,146,10,82,33,1,320,50,1920.0,1080.0,1218.0,338.0,614.0,243.0,3.0
Pepsi_320X50.psd,CTA,CTA,2,236,17,76,18,2,320,50,1920.0,1080.0,1218.0,638.0,603.0,150.0,4.0
Pepsi_320X50.psd,LOGO,LOGO,2,10,3,128,46,3,320,50,1920.0,1080.0,79.0,393.0,656.0,295.0,1.0
Pepsi_720X1280.psd,BACKGROUND,BACKGROUND,-1,0,0,720,1280,0,720,1280,1920.0,1080.0,0.0,0.0,1920.0,1080.0,0.0
Pepsi_720X1280.psd,COPY,TEXT,2,62,931,597,237,1,720,1280,1920.0,1080.0,1218.0,338.0,614.0,243.0,3.0
Pepsi_720X1280.psd,SKUs,PRODUCT,2,240,402,242,469,2,720,1280,1920.0,1080.0,773.0,210.0,373.0,725.0,2.0
Pepsi_720X1280.psd,LOGO,LOGO,2,116,147,491,225,3,720,1280,1920.0,1080.0,79.0,393.0,656.0,295.0,1.0
Pepsi_728X90.psd,BACKGROUND,BACKGROUND,-1,0,0,728,90,0,728,90,1920.0,1080.0,0.0,0.0,1920.0,1080.0,0.0
Pepsi_728X90.psd,COPY,TEXT,2,337,11,172,69,1,728,90,1920.0,1080.0,1218.0,338.0,614.0,243.0,3.0
Pepsi_728X90.psd,CTA,CTA,2,537,24,178,42,2,728,90,1920.0,1080.0,1218.0,638.0,603.0,150.0,4.0
Pepsi_728X90.psd,LOGO,LOGO,2,49,-3,241,100,3,728,90,1920.0,1080.0,79.0,393.0,656.0,295.0,1.0
Pepsi_800X418.psd,BACKGROUND,BACKGROUND,-1,0,0,800,418,0,800,418,1920.0,1080.0,0.0,0.0,1920.0,1080.0,0.0
Pepsi_800X418.psd,COPY,TEXT,2,463,27,270,107,1,800,418,1920.0,1080.0,1218.0,338.0,614.0,243.0,3.0
Pepsi_800X418.psd,SKUs,PRODUCT,2,538,158,122,237,2,800,418,1920.0,1080.0,773.0,210.0,373.0,725.0,2.0
Pepsi_800X418.psd,LOGO,LOGO,2,42,76,317,296,3,800,418,1920.0,1080.0,79.0,393.0,656.0,295.0,1.0
Quaker_School_500X300.psd,BACKGROUND,BACKGROUND,-1,0,0,500,300,0,500,300,,,,,,,
Quaker_School_500X300.psd,COPY,TEXT,2,175,34,274,129,1,500,300,,,,,,,
Quaker_School_500X300.psd,SKUs,PRODUCT,2,83,164,417,183,2,500,300,,,,,,,
Quaker_School_750x250.psd,BACKGROUND,BACKGROUND,-1,0,0,750,250,0,750,250,,,,,,,
Quaker_School_750x250.psd,COPY,TEXT,2,140,58,246,116,1,750,250,,,,,,,
Quaker_School_750x250.psd,SKUs,PRODUCT,2,397,35,353,269,2,750,250,,,,,,,
Ruffles_1270X415.psd,BACKGROUND,BACKGROUND,-1,0,0,1270,415,0,1270,415,1920.0,1080.0,0.0,0.0,1920.0,1080.0,0.0
Ruffles_1270X415.psd,SKUs,PRODUCT,2,332,35,606,356,1,1270,415,1920.0,1080.0,644.0,21.0,795.0,930.0,3.0
Ruffles_1270X415.psd,LOGO,LOGO,2,999,272,271,132,2,1270,415,1920.0,1080.0,1305.0,784.0,568.0,265.0,2.0
Ruffles_1270X415.psd,COPY,TEXT,2,43,64,269,283,3,1270,415,1920.0,1080.0,0.0,107.0,913.0,483.0,1.0
Ruffles_1270X90.psd,BACKGROUND,BACKGROUND,-1,0,0,1270,90,0,1270,90,1920.0,1080.0,0.0,0.0,1920.0,1080.0,0.0
Ruffles_1270X90.psd,SKUs,PRODUCT,2,542,2,191,106,1,1270,90,1920.0,1080.0,644.0,21.0,795.0,930.0,3.0
Ruffles_1270X90.psd,LOGO,LOGO,2,848,-3,184,98,2,1270,90,1920.0,1080.0,1305.0,784.0,568.0,265.0,2.0
Ruffles_1270X90.psd,COPY,TEXT,2,190,0,170,90,3,1270,90,1920.0,1080.0,0.0,107.0,913.0,483.0,1.0
Ruffles_300X250.psd,BACKGROUND,BACKGROUND,-1,0,0,300,250,0,300,250,1920.0,1080.0,0.0,0.0,1920.0,1080.0,0.0
Ruffles_300X250.psd,SKUs,PRODUCT,2,18,62,264,155,1,300,250,1920.0,1080.0,644.0,21.0,795.0,930.0,3.0
Ruffles_300X250.psd,LOGO,LOGO,2,210,205,88,46,2,300,250,1920.0,1080.0,1305.0,784.0,568.0,265.0,2.0
Ruffles_300X250.psd,COPY,TEXT,2,18,7,115,60,3,300,250,1920.0,1080.0,0.0,107.0,913.0,483.0,1.0
Ruffles_300X50.psd,BACKGROUND,BACKGROUND,-1,0,0,300,50,0,300,50,1920.0,1080.0,0.0,0.0,1920.0,1080.0,0.0
Ruffles_300X50.psd,SKUs,PRODUCT,2,100,3,101,61,1,300,50,1920.0,1080.0,644.0,21.0,795.0,930.0,3.0
Ruffles_300X50.psd,LOGO,LOGO,2,205,15,48,23,2,300,50,1920.0,1080.0,1305.0,784.0,568.0,265.0,2.0
Ruffles_300X50.psd,COPY,TEXT,2,10,1,80,42,3,300,50,1920.0,1080.0,0.0,107.0,913.0,483.0,1.0
Ruffles_728X90.psd,BACKGROUND,BACKGROUND,-1,0,0,728,90,0,728,90,1920.0,1080.0,0.0,0.0,1920.0,1080.0,0.0
Ruffles_728X90.psd,SKUs,PRODUCT,2,269,0,191,112,1,728,90,1920.0,1080.0,644.0,21.0,795.0,930.0,3.0
Ruffles_728X90.psd,LOGO,LOGO,2,484,16,125,61,2,728,90,1920.0,1080.0,1305.0,784.0,568.0,265.0,2.0
Ruffles_728X90.psd,COPY,TEXT,2,52,0,170,90,3,728,90,1920.0,1080.0,0.0,107.0,913.0,483.0,1.0
Ruffles_970X90.psd,BACKGROUND,BACKGROUND,-1,0,0,970,90,0,970,90,1920.0,1080.0,0.0,0.0,1920.0,1080.0,0.0
Ruffles_970X90.psd,SKUs,PRODUCT,2,387,3,195,108,1,970,90,1920.0,1080.0,644.0,21.0,795.0,930.0,3.0
Ruffles_970X90.psd,LOGO,LOGO,2,634,1,164,88,2,970,90,1920.0,1080.0,1305.0,784.0,568.0,265.0,2.0
Ruffles_970X90.psd,COPY,TEXT,2,111,0,172,90,3,970,90,1920.0,1080.0,0.0,107.0,913.0,483.0,1.0
ShareJoy_1100X600.psd,BACKGROUND,BACKGROUND,-1,0,0,1100,600,0,1100,600,,,,,,,
ShareJoy_1100X600.psd,SKUs,PRODUCT,2,277,153,779,354,1,1100,600,,,,,,,
ShareJoy_1100X600.psd,COPY,TEXT,2,3,153,325,351,2,1100,600,,,,,,,
ShareJoy_1100X600.psd,FIXED,FIXED,3,0,464,1100,136,3,1100,600,,,,,,,
ShareJoy_3300X413.psd,BACKGROUND,BACKGROUND,-1,0,0,3300,413,0,3300,413,,,,,,,
ShareJoy_3300X413.psd,SKUs,PRODUCT,2,1444,28,854,385,1,3300,413,,,,,,,
ShareJoy_3300X413.psd,COPY,TEXT,2,1004,0,372,403,2,3300,413,,,,,,,
ShareJoy_3300X413.psd,FIXED,FIXED,3,925,364,1438,49,3,3300,413,,,,,,,
ShareJoy_3300X825.psd,BACKGROUND,BACKGROUND,-1,0,0,3300,825,0,3300,825,,,,,,,
ShareJoy_3300X825.psd,SKUs,PRODUCT,2,1269,81,1493,657,1,3300,825,,,,,,,
ShareJoy_3300X825.psd,COPY,TEXT,2,588,69,626,677,2,3300,825,,,,,,,
ShareJoy_3300X825.psd,FIXED,FIXED,3,0,685,3300,140,3,3300,825,,,,,,,
Starbucks_160X600.psd,BACKGROUND,BACKGROUND,-1,0,0,160,600,0,160,600,1920.0,1080.0,0.0,0.0,1920.0,1080.0,0.0
Starbucks_160X600.psd,COPY,TEXT,2,11,442,143,44,1,160,600,1920.0,1080.0,80.0,355.0,1769.0,209.0,1.0
Starbucks_160X600.psd,COPY,TEXT,2,41,106,83,42,2,160,600,1920.0,1080.0,80.0,355.0,1769.0,209.0,1.0
Starbucks_160X600.psd,SKUs,PRODUCT,2,-79,116,324,334,3,160,600,1920.0,1080.0,236.0,-2.0,1198.0,963.0,2.0
Starbucks_160X600.psd,LOGO,LOGO,2,49,15,65,65,4,160,600,1920.0,1080.0,1484.0,888.0,365.0,118.0,3.0
Starbucks_160X600.psd,CTA,CTA,2,32,515,100,37,5,160,600,1920.0,1080.0,,,,,
Starbucks_160X600.psd,LEGAL,LEGAL,2,20,581,125,7,6,160,600,1920.0,1080.0,80.0,919.0,480.0,87.0,4.0
Starbucks_300X250.psd,BACKGROUND,BACKGROUND,-1,0,0,300,250,0,300,250,1920.0,1080.0,0.0,0.0,1920.0,1080.0,0.0
Starbucks_300X250.psd,COPY,TEXT,2,182,112,109,33,1,300,250,1920.0,1080.0,80.0,355.0,1769.0,209.0,1.0
Starbucks_300X250.psd,COPY,TEXT,2,11,112,63,31,2,300,250,1920.0,1080.0,80.0,355.0,1769.0,209.0,1.0
Starbucks_300X250.psd,SKUs,PRODUCT,2,36,39,186,157,3,300,250,1920.0,1080.0,236.0,-2.0,1198.0,963.0,2.0
Starbucks_300X250.psd,LOGO,LOGO,2,244,11,45,45,4,300,250,1920.0,1080.0,1484.0,888.0,365.0,118.0,3.0
Starbucks_300X250.psd,CTA,CTA,2,189,203,100,36,5,300,250,1920.0,1080.0,,,,,
Starbucks_300X250.psd,LEGAL,LEGAL,2,11,232,127,7,6,300,250,1920.0,1080.0,80.0,919.0,480.0,87.0,4.0
Starbucks_300X50.psd,BACKGROUND,BACKGROUND,-1,0,0,300,50,0,300,50,1920.0,1080.0,0.0,0.0,1920.0,1080.0,0.0
Starbucks_300X50.psd,COPY,TEXT,2,50,15,42,21,1,300,50,1920.0,1080.0,80.0,355.0,1769.0,209.0,1.0
Starbucks_300X50.psd,COPY,TEXT,2,135,15,74,23,2,300,50,1920.0,1080.0,80.0,355.0,1769.0,209.0,1.0
Starbucks_300X50.psd,SKUs,PRODUCT,2,76,-13,77,65,3,300,50,1920.0,1080.0,236.0,-2.0,1198.0,963.0,2.0
Starbucks_300X50.psd,LEGAL,LEGAL,2,212,43,82,4,4,300,50,1920.0,1080.0,80.0,919.0,480.0,87.0,4.0
Starbucks_300X50.psd,LOGO,LOGO,2,15,11,29,29,5,300,50,1920.0,1080.0,1484.0,888.0,365.0,118.0,3.0
Starbucks_300X50.psd,CTA,CTA,2,222,15,58,21,6,300,50,1920.0,1080.0,,,,,
Starbucks_300X600.psd,BACKGROUND,BACKGROUND,-1,0,0,300,600,0,300,600,1920.0,1080.0,0.0,0.0,1920.0,1080.0,0.0
Starbucks_300X600.psd,CTA,CTA,2,100,521,99,37,1,300,600,1920.0,1080.0,,,,,
Starbucks_300X600.psd,COPY,TEXT,2,40,437,219,66,2,300,600,1920.0,1080.0,80.0,355.0,1769.0,209.0,1.0
Starbucks_300X600.psd,COPY,TEXT,2,86,96,127,64,3,300,600,1920.0,1080.0,80.0,355.0,1769.0,209.0,1.0
Starbucks_300X600.psd,SKUs,PRODUCT,2,-54,95,426,358,4,300,600,1920.0,1080.0,236.0,-2.0,1198.0,963.0,2.0
Starbucks_300X600.psd,LEGAL,LEGAL,2,87,573,125,7,5,300,600,1920.0,1080.0,80.0,919.0,480.0,87.0,4.0
Starbucks_300X600.psd,LOGO,LOGO,2,120,20,59,59,6,300,600,1920.0,1080.0,1484.0,888.0,365.0,118.0,3.0
Starbucks_320X50.psd,BACKGROUND,BACKGROUND,-1,0,0,320,50,0,320,50,1920.0,1080.0,0.0,0.0,1920.0,1080.0,0.0
Starbucks_320X50.psd,COPY,TEXT,2,59,14,45,23,1,320,50,1920.0,1080.0,80.0,355.0,1769.0,209.0,1.0
Starbucks_320X50.psd,COPY,TEXT,2,150,14,78,24,2,320,50,1920.0,1080.0,80.0,355.0,1769.0,209.0,1.0
Starbucks_320X50.psd,SKUs,PRODUCT,2,87,-16,81,69,3,320,50,1920.0,1080.0,236.0,-2.0,1198.0,963.0,2.0
Starbucks_320X50.psd,LEGAL,LEGAL,2,226,41,82,4,4,320,50,1920.0,1080.0,80.0,919.0,480.0,87.0,4.0
Starbucks_320X50.psd,LOGO,LOGO,2,13,8,35,34,5,320,50,1920.0,1080.0,1484.0,888.0,365.0,118.0,3.0
Starbucks_320X50.psd,CTA,CTA,2,241,14,58,21,6,320,50,1920.0,1080.0,,,,,
Starbucks_728X90.psd,BACKGROUND,BACKGROUND,-1,0,0,728,90,0,728,90,1920.0,1080.0,0.0,0.0,1920.0,1080.0,0.0
Starbucks_728X90.psd,SUB HEADING,TEXT,2,376,43,201,15,1,728,90,1920.0,1080.0,80.0,355.0,1769.0,209.0,1.0
Starbucks_728X90.psd,COPY,TEXT,2,112,30,61,31,2,728,90,1920.0,1080.0,80.0,355.0,1769.0,209.0,1.0
Starbucks_728X90.psd,COPY,TEXT,2,251,31,106,32,3,728,90,1920.0,1080.0,80.0,355.0,1769.0,209.0,1.0
Starbucks_728X90.psd,SKUs,PRODUCT,2,143,-21,141,120,4,728,90,1920.0,1080.0,236.0,-2.0,1198.0,963.0,2.0
Starbucks_728X90.psd,LEGAL,LEGAL,2,415,68,123,6,5,728,90,1920.0,1080.0,80.0,919.0,480.0,87.0,4.0
Starbucks_728X90.psd,LOGO,LOGO,2,30,18,59,58,6,728,90,1920.0,1080.0,1484.0,888.0,365.0,118.0,3.0
Starbucks_728X90.psd,CTA,CTA,2,599,29,96,36,7,728,90,1920.0,1080.0,,,,,
