file,layer_name,type,priority,x,y,width,height,z_index,canvas_width,canvas_height,kv_canvas_width,kv_canvas_height,kv_x,kv_y,kv_width,kv_height,kv_z_index,is_in_kv
Bubly_KV.psd,BACKGROUND,BACKGROUND,-1,0,0,1706,1706,0,1706,1706,1706.0,1706.0,0.0,0.0,1706.0,1706.0,0.0,1
Bubly_KV.psd,SUB HEADING,TEXT,2,381,1341,910,146,1,1706,1706,1706.0,1706.0,381.0,1341.0,910.0,146.0,1.0,1
Bubly_KV.psd,COPY,TEXT,2,172,219,1361,162,2,1706,1706,1706.0,1706.0,172.0,219.0,1361.0,162.0,2.0,1
Bubly_KV.psd,SKUs,PRODUCT,2,232,523,1273,570,3,1706,1706,1706.0,1706.0,232.0,523.0,1273.0,570.0,3.0,1
FoodService_KV.psd,BACKGROUND,BACKGROUND,-1,0,0,1298,1080,0,1298,1080,1298.0,1080.0,0.0,0.0,1298.0,1080.0,0.0,1
FoodService_KV.psd,SKUs,PRODUCT,2,804,275,267,701,1,1298,1080,1298.0,1080.0,804.0,275.0,267.0,701.0,1.0,1
FoodService_KV.psd,SKUs,PRODUCT,2,229,393,268,700,2,1298,1080,1298.0,1080.0,229.0,393.0,268.0,700.0,2.0,1
FoodService_KV.psd,SKUs,PRODUCT,2,498,333,272,700,3,1298,1080,1298.0,1080.0,498.0,333.0,272.0,700.0,3.0,1
FoodService_KV.psd,LOGO,LOGO,0,93,934,83,108,4,1298,1080,1298.0,1080.0,93.0,934.0,83.0,108.0,4.0,1
FoodService_KV.psd,LEGAL,LEGAL,3,23,1057,223,9,5,1298,1080,1298.0,1080.0,23.0,1057.0,223.0,9.0,5.0,1
FoodService_KV.psd,COPY,TEXT,2,398,48,506,164,6,1298,1080,1298.0,1080.0,398.0,48.0,506.0,164.0,6.0,1
FoodService_KV.psd,SUB HEADING,TEXT,2,420,224,461,55,7,1298,1080,1298.0,1080.0,420.0,224.0,461.0,55.0,7.0,1
FoodService_KV.psd,CTA,CTA,3,989,964,277,83,8,1298,1080,1298.0,1080.0,989.0,964.0,277.0,83.0,8.0,1
Gatorade_HBTW_KV.psd,BACKGROUND,BACKGROUND,-1,0,0,1920,1080,0,1920,1080,1920.0,1080.0,0.0,0.0,1920.0,1080.0,0.0,1
Gatorade_HBTW_KV.psd,SKUs,PRODUCT,2,287,238,1330,842,1,1920,1080,1920.0,1080.0,287.0,238.0,1330.0,842.0,1.0,1
Gatorade_HBTW_KV.psd,LOGO,LOGO,0,19,535,10,367,2,1920,1080,1920.0,1080.0,19.0,535.0,10.0,367.0,2.0,1
Gatorade_HBTW_KV.psd,COPY,TEXT,2,51,55,1818,126,3,1920,1080,1920.0,1080.0,51.0,55.0,1818.0,126.0,3.0,1
Gatorade_HBTW_KV.psd,LOGO,LOGO,0,1781,929,104,113,4,1920,1080,1920.0,1080.0,1781.0,929.0,104.0,113.0,4.0,1
Gatorade_KHKG_KV.psd,BACKGROUND,BACKGROUND,-1,0,0,811,1411,0,811,1411,811.0,1411.0,0.0,0.0,811.0,1411.0,0.0,1
Gatorade_KHKG_KV.psd,LOGO,LOGO,0,517,106,240,278,1,811,1411,811.0,1411.0,517.0,106.0,240.0,278.0,1.0,1
Gatorade_KHKG_KV.psd,SKUs,PRODUCT,2,29,430,747,619,2,811,1411,811.0,1411.0,29.0,430.0,747.0,619.0,2.0,1
Gatorade_KHKG_KV.psd,SUB HEADING,TEXT,2,51,397,295,17,3,811,1411,811.0,1411.0,51.0,397.0,295.0,17.0,3.0,1
Gatorade_KHKG_KV.psd,COPY,TEXT,2,49,100,443,276,4,811,1411,811.0,1411.0,49.0,100.0,443.0,276.0,4.0,1
Gatorade_KHKG_KV.psd,LEGAL,LEGAL,3,67,1360,678,16,5,811,1411,811.0,1411.0,67.0,1360.0,678.0,16.0,5.0,1
Gatorade_KHKG_KV.psd,CTA,CTA,3,63,1036,687,303,6,811,1411,811.0,1411.0,63.0,1036.0,687.0,303.0,6.0,1
Gatorade_Mashups_KV.psd,BACKGROUND,BACKGROUND,-1,0,-7,1920,1094,0,1920,1080,1920.0,1080.0,0.0,-7.0,1920.0,1094.0,0.0,1
Gatorade_Mashups_KV.psd,CTA,CTA,3,79,640,744,181,1,1920,1080,1920.0,1080.0,79.0,640.0,744.0,181.0,1.0,1
Gatorade_Mashups_KV.psd,LEGAL,LEGAL,3,85,902,647,120,2,1920,1080,1920.0,1080.0,85.0,902.0,647.0,120.0,2.0,1
Gatorade_Mashups_KV.psd,COPY,TEXT,2,180,95,542,304,3,1920,1080,1920.0,1080.0,180.0,95.0,542.0,304.0,3.0,1
Gatorade_Mashups_KV.psd,SKUs,PRODUCT,2,872,96,1030,997,4,1920,1080,1920.0,1080.0,872.0,96.0,1030.0,997.0,4.0,1
Gatorade_Mashups_KV.psd,SUB HEADING,TEXT,2,110,400,682,224,5,1920,1080,1920.0,1080.0,110.0,400.0,682.0,224.0,5.0,1
Gatorade_NFL_KV.psd,BACKGROUND,BACKGROUND,-1,0,0,1920,1080,0,1920,1080,1920.0,1080.0,0.0,0.0,1920.0,1080.0,0.0,1
Gatorade_NFL_KV.psd,SKUs,PRODUCT,2,724,48,1498,986,1,1920,1080,1920.0,1080.0,724.0,48.0,1498.0,986.0,1.0,1
Gatorade_NFL_KV.psd,LEGAL,LEGAL,3,1130,1009,763,20,2,1920,1080,1920.0,1080.0,1130.0,1009.0,763.0,20.0,2.0,1
Gatorade_NFL_KV.psd,COPY,TEXT,2,89,177,679,331,3,1920,1080,1920.0,1080.0,89.0,177.0,679.0,331.0,3.0,1
Gatorade_NFL_KV.psd,SUB HEADING,TEXT,2,134,567,589,48,4,1920,1080,1920.0,1080.0,134.0,567.0,589.0,48.0,4.0,1
Gatorade_NFL_KV.psd,LOGO,LOGO,0,222,674,414,244,5,1920,1080,1920.0,1080.0,222.0,674.0,414.0,244.0,5.0,1
MDew_KV.psd,BACKGROUND,BACKGROUND,-1,0,0,1080,1920,0,1080,1920,1080.0,1920.0,0.0,0.0,1080.0,1920.0,0.0,1
MDew_KV.psd,SKUs,PRODUCT,2,485,656,591,1673,1,1080,1920,1080.0,1920.0,485.0,656.0,591.0,1673.0,1.0,1
MDew_KV.psd,SKUs,PRODUCT,2,8,657,587,1672,2,1080,1920,1080.0,1920.0,8.0,657.0,587.0,1672.0,2.0,1
MDew_KV.psd,COPY,TEXT,2,57,46,967,696,3,1080,1920,1080.0,1920.0,57.0,46.0,967.0,696.0,3.0,1
Pepsi_KV.psd,BACKGROUND,BACKGROUND,-1,0,0,1920,1080,0,1920,1080,1920.0,1080.0,0.0,0.0,1920.0,1080.0,0.0,1
Pepsi_KV.psd,LOGO,LOGO,0,79,393,656,295,1,1920,1080,1920.0,1080.0,79.0,393.0,656.0,295.0,1.0,1
Pepsi_KV.psd,SKUs,PRODUCT,2,773,210,373,725,2,1920,1080,1920.0,1080.0,773.0,210.0,373.0,725.0,2.0,1
Pepsi_KV.psd,COPY,TEXT,2,1218,338,614,243,3,1920,1080,1920.0,1080.0,1218.0,338.0,614.0,243.0,3.0,1
Pepsi_KV.psd,CTA,CTA,3,1218,638,603,150,4,1920,1080,1920.0,1080.0,1218.0,638.0,603.0,150.0,4.0,1
Pepsi_KV.psd,LEGAL,LEGAL,3,1501,1022,378,13,5,1920,1080,1920.0,1080.0,1501.0,1022.0,378.0,13.0,5.0,1
PropelV2_KV.psd,BACKGROUND,BACKGROUND,-1,0,0,1920,1080,0,1920,1080,1920.0,1080.0,0.0,0.0,1920.0,1080.0,0.0,1
PropelV2_KV.psd,COPY,TEXT,2,970,404,374,278,1,1920,1080,1920.0,1080.0,970.0,404.0,374.0,278.0,1.0,1
PropelV2_KV.psd,SUB HEADING,TEXT,2,1381,496,471,94,2,1920,1080,1920.0,1080.0,1381.0,496.0,471.0,94.0,2.0,1
PropelV2_KV.psd,SKUs,PRODUCT,2,61,306,872,573,3,1920,1080,1920.0,1080.0,61.0,306.0,872.0,573.0,3.0,1
PropelV2_KV.psd,PRICE,PRICE,3,627,200,212,212,4,1920,1080,1920.0,1080.0,627.0,200.0,212.0,212.0,4.0,1
PropelV3_KV.psd,BACKGROUND,BACKGROUND,-1,0,0,1920,1080,0,1920,1080,1920.0,1080.0,0.0,0.0,1920.0,1080.0,0.0,1
PropelV3_KV.psd,COPY,TEXT,2,970,404,374,278,1,1920,1080,1920.0,1080.0,970.0,404.0,374.0,278.0,1.0,1
PropelV3_KV.psd,SUB HEADING,TEXT,2,1381,496,471,94,2,1920,1080,1920.0,1080.0,1381.0,496.0,471.0,94.0,2.0,1
PropelV3_KV.psd,SKUs,PRODUCT,2,-62,213,1060,801,3,1920,1080,1920.0,1080.0,-62.0,213.0,1060.0,801.0,3.0,1
PropelV3_KV.psd,PRICE,PRICE,3,705,232,207,213,4,1920,1080,1920.0,1080.0,705.0,232.0,207.0,213.0,4.0,1
Propel_EB_KV.psd,BACKGROUND,BACKGROUND,-1,0,0,1920,1080,0,1920,1080,1920.0,1080.0,0.0,0.0,1920.0,1080.0,0.0,1
Propel_EB_KV.psd,SKUs,PRODUCT,2,82,41,376,1003,1,1920,1080,1920.0,1080.0,82.0,41.0,376.0,1003.0,1.0,1
Propel_EB_KV.psd,COPY,TEXT,2,545,338,550,410,2,1920,1080,1920.0,1080.0,545.0,338.0,550.0,410.0,2.0,1
Propel_EB_KV.psd,SUB HEADING,TEXT,2,1149,474,693,138,3,1920,1080,1920.0,1080.0,1149.0,474.0,693.0,138.0,3.0,1
Propel_KV.psd,BACKGROUND,BACKGROUND,-1,0,0,1920,1080,0,1920,1080,1920.0,1080.0,0.0,0.0,1920.0,1080.0,0.0,1
Propel_KV.psd,COPY,TEXT,2,862,385,419,312,1,1920,1080,1920.0,1080.0,862.0,385.0,419.0,312.0,1.0,1
Propel_KV.psd,SUB HEADING,TEXT,2,1323,488,529,106,2,1920,1080,1920.0,1080.0,1323.0,488.0,529.0,106.0,2.0,1
Propel_KV.psd,SKUs,PRODUCT,2,127,151,697,780,3,1920,1080,1920.0,1080.0,127.0,151.0,697.0,780.0,3.0,1
Ruffles_KV.psd,BACKGROUND,BACKGROUND,-1,0,0,1920,1080,0,1920,1080,1920.0,1080.0,0.0,0.0,1920.0,1080.0,0.0,1
Ruffles_KV.psd,COPY,TEXT,2,0,107,913,483,1,1920,1080,1920.0,1080.0,0.0,107.0,913.0,483.0,1.0,1
Ruffles_KV.psd,LOGO,LOGO,0,1305,784,568,265,2,1920,1080,1920.0,1080.0,1305.0,784.0,568.0,265.0,2.0,1
Ruffles_KV.psd,SKUs,PRODUCT,2,644,21,795,930,3,1920,1080,1920.0,1080.0,644.0,21.0,795.0,930.0,3.0,1
StarbucksChristmas_KV.psd,BACKGROUND,BACKGROUND,-1,0,0,1920,1080,0,1920,1080,1920.0,1080.0,0.0,0.0,1920.0,1080.0,0.0,1
StarbucksChristmas_KV.psd,COPY,TEXT,2,34,475,749,430,1,1920,1080,1920.0,1080.0,34.0,475.0,749.0,430.0,1.0,1
StarbucksChristmas_KV.psd,LEGAL,LEGAL,3,34,978,711,52,2,1920,1080,1920.0,1080.0,34.0,978.0,711.0,52.0,2.0,1
StarbucksChristmas_KV.psd,OFFER,PRICE,3,281,48,295,353,3,1920,1080,1920.0,1080.0,281.0,48.0,295.0,353.0,3.0,1
StarbucksChristmas_KV.psd,COPY,TEXT,2,1423,-42,569,384,4,1920,1080,1920.0,1080.0,1423.0,-42.0,569.0,384.0,4.0,1
StarbucksChristmas_KV.psd,SKUs,PRODUCT,2,1089,57,399,1206,5,1920,1080,1920.0,1080.0,1089.0,57.0,399.0,1206.0,5.0,1
Starbucks_KV.psd,BACKGROUND,BACKGROUND,-1,0,0,1920,1080,0,1920,1080,1920.0,1080.0,0.0,0.0,1920.0,1080.0,0.0,1
Starbucks_KV.psd,COPY,TEXT,2,80,355,1769,209,1,1920,1080,1920.0,1080.0,80.0,355.0,1769.0,209.0,1.0,1
Starbucks_KV.psd,SKUs,PRODUCT,2,236,-2,1198,963,2,1920,1080,1920.0,1080.0,236.0,-2.0,1198.0,963.0,2.0,1
Starbucks_KV.psd,LOGO,LOGO,0,1484,888,365,118,3,1920,1080,1920.0,1080.0,1484.0,888.0,365.0,118.0,3.0,1
Starbucks_KV.psd,LEGAL,LEGAL,3,80,919,480,87,4,1920,1080,1920.0,1080.0,80.0,919.0,480.0,87.0,4.0,1
Starbucks_KV.psd,SUB HEADING,TEXT,2,1341,596,508,208,5,1920,1080,1920.0,1080.0,1341.0,596.0,508.0,208.0,5.0,1
Trolli_KV.psd,BACKGROUND,BACKGROUND,-1,0,0,1920,1080,0,1920,1080,1920.0,1080.0,0.0,0.0,1920.0,1080.0,0.0,1
Trolli_KV.psd,SKUs,PRODUCT,2,882,64,972,1138,1,1920,1080,1920.0,1080.0,882.0,64.0,972.0,1138.0,1.0,1
Trolli_KV.psd,COPY,TEXT,2,45,106,879,337,2,1920,1080,1920.0,1080.0,45.0,106.0,879.0,337.0,2.0,1
Trolli_KV.psd,LEGAL,LEGAL,3,3,983,1023,87,3,1920,1080,1920.0,1080.0,3.0,983.0,1023.0,87.0,3.0,1
BublyPopCornersPrice_300X250.psd,BACKGROUND,BACKGROUND,-1,0,0,300,250,0,300,250,,,,,,,,0
BublyPopCornersPrice_300X250.psd,PRICE,PRICE,3,13,107,69,31,1,300,250,,,,,,,,0
BublyPopCornersPrice_300X250.psd,CTA,CTA,3,114,200,175,41,2,300,250,,,,,,,,0
BublyPopCornersPrice_300X250.psd,COPY,TEXT,2,37,8,124,45,3,300,250,,,,,,,,0
BublyPopCornersPrice_300X250.psd,SUB HEADING,TEXT,2,15,54,169,14,4,300,250,,,,,,,,0
BublyPopCornersPrice_300X250.psd,SKUs,PRODUCT,2,16,175,66,129,5,300,250,,,,,,,,0
BublyPopCornersPrice_300X250.psd,LOGO,LOGO,0,214,21,76,34,6,300,250,,,,,,,,0
BublyPopCornersPrice_300X600.psd,BACKGROUND,BACKGROUND,-1,0,0,300,600,0,300,600,,,,,,,,0
BublyPopCornersPrice_300X600.psd,COPY,TEXT,2,50,16,200,73,1,300,600,,,,,,,,0
BublyPopCornersPrice_300X600.psd,COPY,TEXT,2,52,91,195,16,2,300,600,,,,,,,,0
BublyPopCornersPrice_300X600.psd,LOGO,LOGO,0,169,159,116,52,3,300,600,,,,,,,,0
BublyPopCornersPrice_300X600.psd,PRICE,PRICE,3,18,160,114,51,4,300,600,,,,,,,,0
BublyPopCornersPrice_300X600.psd,SKUs,PRODUCT,2,0,328,150,272,5,300,600,,,,,,,,0
BublyPopCornersPrice_300X600.psd,CTA,CTA,3,36,528,225,52,6,300,600,,,,,,,,0
BublyPopCornersPrice_728X90.psd,BACKGROUND,BACKGROUND,-1,0,0,728,90,0,728,90,,,,,,,,0
BublyPopCornersPrice_728X90.psd,PRICE,PRICE,3,327,31,69,31,1,728,90,,,,,,,,0
BublyPopCornersPrice_728X90.psd,CTA,CTA,3,580,24,146,46,2,728,90,,,,,,,,0
BublyPopCornersPrice_728X90.psd,LOGO,LOGO,0,7,29,81,37,3,728,90,,,,,,,,0
BublyPopCornersPrice_728X90.psd,SKUs,PRODUCT,2,427,6,78,153,4,728,90,,,,,,,,0
BublyPopCornersPrice_728X90.psd,COPY,TEXT,2,136,14,137,49,5,728,90,,,,,,,,0
BublyPopCornersPrice_728X90.psd,SUB HEADING,TEXT,2,112,65,185,15,6,728,90,,,,,,,,0
BublyPopCorners_300X250.psd,BACKGROUND,BACKGROUND,-1,0,0,300,250,0,300,250,,,,,,,,0
BublyPopCorners_300X250.psd,COPY,TEXT,2,32,11,132,48,1,300,250,,,,,,,,0
BublyPopCorners_300X250.psd,LOGO,LOGO,0,212,18,75,34,2,300,250,,,,,,,,0
BublyPopCorners_300X250.psd,SKUs,PRODUCT,2,-3,130,103,200,3,300,250,,,,,,,,0
BublyPopCorners_300X250.psd,CTA,CTA,3,112,195,174,40,4,300,250,,,,,,,,0
BublyPopCorners_300X600.psd,BACKGROUND,BACKGROUND,-1,0,0,300,600,0,300,600,,,,,,,,0
BublyPopCorners_300X600.psd,COPY,TEXT,2,50,26,200,72,1,300,600,,,,,,,,0
BublyPopCorners_300X600.psd,LOGO,LOGO,0,76,151,148,67,2,300,600,,,,,,,,0
BublyPopCorners_300X600.psd,SKUs,PRODUCT,2,0,327,147,273,3,300,600,,,,,,,,0
BublyPopCorners_300X600.psd,CTA,CTA,3,37,527,224,52,4,300,600,,,,,,,,0
BublyPopCorners_728X90.psd,BACKGROUND,BACKGROUND,-1,0,0,728,90,0,728,90,,,,,,,,0
BublyPopCorners_728X90.psd,COPY,TEXT,2,131,15,156,57,1,728,90,,,,,,,,0
BublyPopCorners_728X90.psd,CTA,CTA,3,568,21,145,45,2,728,90,,,,,,,,0
BublyPopCorners_728X90.psd,SKUs,PRODUCT,2,326,3,77,152,3,728,90,,,,,,,,0
BublyPopCorners_728X90.psd,LOGO,LOGO,0,12,26,81,36,4,728,90,,,,,,,,0
BublyPurple_1134X124.psd,BACKGROUND,BACKGROUND,-1,0,0,1134,124,0,1134,124,,,,,,,,0
BublyPurple_1134X124.psd,SKUs,PRODUCT,2,228,3,246,202,1,1134,124,,,,,,,,0
BublyPurple_1134X124.psd,COPY,TEXT,2,506,72,583,47,2,1134,124,,,,,,,,0
BublyPurple_1134X124.psd,PRICE,PRICE,3,509,10,230,53,3,1134,124,,,,,,,,0
BublyPurple_1134X124.psd,LEGAL,LEGAL,3,45,111,77,9,4,1134,124,,,,,,,,0
BublyPurple_1134X124.psd,LOGO,LOGO,0,45,21,160,82,5,1134,124,,,,,,,,0
BublyPurple_1534X512.psd,BACKGROUND,BACKGROUND,-1,0,0,1534,512,0,1534,512,,,,,,,,0
BublyPurple_1534X512.psd,SKUs,PRODUCT,2,895,9,628,707,1,1534,512,,,,,,,,0
BublyPurple_1534X512.psd,COPY,TEXT,2,537,132,341,247,2,1534,512,,,,,,,,0
BublyPurple_1534X512.psd,PRICE,PRICE,3,54,208,423,98,3,1534,512,,,,,,,,0
BublyPurple_1534X512.psd,LEGAL,LEGAL,3,55,469,209,24,4,1534,512,,,,,,,,0
BublyPurple_160X600.psd,BACKGROUND,BACKGROUND,-1,0,0,160,491,0,160,600,,,,,,,,0
BublyPurple_160X600.psd,SKUs,PRODUCT,2,6,244,180,282,1,160,600,,,,,,,,0
BublyPurple_160X600.psd,COPY,TEXT,2,17,139,125,91,2,160,600,,,,,,,,0
BublyPurple_160X600.psd,PRICE,PRICE,3,10,90,141,33,3,160,600,,,,,,,,0
BublyPurple_160X600.psd,LEGAL,LEGAL,3,149,415,8,70,4,160,600,,,,,,,,0
BublyPurple_160X600.psd,LOGO,LOGO,0,35,18,91,47,5,160,600,,,,,,,,0
BublyPurple_160X600.psd,FIXED,FIXED,4,0,490,160,110,6,160,600,,,,,,,,0
BublyPurple_2760X340.psd,BACKGROUND,BACKGROUND,-1,0,0,2760,340,0,2760,340,,,,,,,,0
BublyPurple_2760X340.psd,SKUs,PRODUCT,2,502,13,615,538,1,2760,340,,,,,,,,0
BublyPurple_2760X340.psd,COPY,TEXT,2,1169,30,1496,282,2,2760,340,,,,,,,,0
BublyPurple_2760X340.psd,LOGO,LOGO,0,88,82,355,179,3,2760,340,,,,,,,,0
BublyPurple_2760X340.psd,LEGAL,LEGAL,3,89,304,181,21,4,2760,340,,,,,,,,0
BublyPurple_300X250.psd,BACKGROUND,BACKGROUND,-1,0,0,300,198,0,300,250,,,,,,,,0
BublyPurple_300X250.psd,SKUs,PRODUCT,2,87,10,209,258,1,300,250,,,,,,,,0
BublyPurple_300X250.psd,PRICE,PRICE,3,7,7,167,39,2,300,250,,,,,,,,0
BublyPurple_300X250.psd,COPY,TEXT,2,7,60,96,70,3,300,250,,,,,,,,0
BublyPurple_300X250.psd,LEGAL,LEGAL,3,8,182,64,8,4,300,250,,,,,,,,0
BublyPurple_300X250.psd,FIXED,FIXED,4,-1,194,302,56,5,300,250,,,,,,,,0
BublyPurple_300X50.psd,BACKGROUND,BACKGROUND,-1,0,0,235,50,0,300,50,,,,,,,,0
BublyPurple_300X50.psd,SKUs,PRODUCT,2,59,-1,82,79,1,300,50,,,,,,,,0
BublyPurple_300X50.psd,COPY,TEXT,2,148,22,78,22,2,300,50,,,,,,,,0
BublyPurple_300X50.psd,PRICE,PRICE,3,148,2,78,19,3,300,50,,,,,,,,0
BublyPurple_300X50.psd,LEGAL,LEGAL,3,7,40,44,6,4,300,50,,,,,,,,0
BublyPurple_300X50.psd,LOGO,LOGO,0,8,12,46,23,5,300,50,,,,,,,,0
BublyPurple_300X50.psd,FIXED,FIXED,4,235,0,66,50,6,300,50,,,,,,,,0
BublyPurple_300X600.psd,BACKGROUND,BACKGROUND,-1,0,0,300,530,0,300,600,,,,,,,,0
BublyPurple_300X600.psd,SKUs,PRODUCT,2,15,232,268,380,1,300,600,,,,,,,,0
BublyPurple_300X600.psd,LEGAL,LEGAL,3,287,438,9,80,2,300,600,,,,,,,,0
BublyPurple_300X600.psd,COPY,TEXT,2,28,88,187,138,3,300,600,,,,,,,,0
BublyPurple_300X600.psd,PRICE,PRICE,3,28,15,237,55,4,300,600,,,,,,,,0
BublyPurple_300X600.psd,FIXED,FIXED,4,-2,529,304,71,5,300,600,,,,,,,,0
BublyPurple_320X50.psd,BACKGROUND,BACKGROUND,-1,0,0,256,50,0,320,50,,,,,,,,0
BublyPurple_320X50.psd,SKUs,PRODUCT,2,66,0,88,82,1,320,50,,,,,,,,0
BublyPurple_320X50.psd,COPY,TEXT,2,161,24,83,24,2,320,50,,,,,,,,0
BublyPurple_320X50.psd,PRICE,PRICE,3,161,3,83,20,3,320,50,,,,,,,,0
BublyPurple_320X50.psd,LEGAL,LEGAL,3,9,42,43,6,4,320,50,,,,,,,,0
BublyPurple_320X50.psd,FIXED,FIXED,4,255,0,66,51,5,320,50,,,,,,,,0
BublyPurple_320X50.psd,LOGO,LOGO,0,9,12,52,26,6,320,50,,,,,,,,0
BublyPurple_600X500.psd,BACKGROUND,BACKGROUND,-1,0,0,600,500,0,600,500,,,,,,,,0
BublyPurple_600X500.psd,SKUs,PRODUCT,2,95,12,540,684,1,600,500,,,,,,,,0
BublyPurple_600X500.psd,COPY,TEXT,2,13,124,180,133,2,600,500,,,,,,,,0
BublyPurple_600X500.psd,PRICE,PRICE,3,13,16,370,86,3,600,500,,,,,,,,0
BublyPurple_600X500.psd,LEGAL,LEGAL,3,14,469,125,15,4,600,500,,,,,,,,0
BublyPurple_728X90.psd,BACKGROUND,BACKGROUND,-1,0,0,571,90,0,728,90,,,,,,,,0
BublyPurple_728X90.psd,SKUs,PRODUCT,2,105,1,145,137,1,728,90,,,,,,,,0
BublyPurple_728X90.psd,COPY,TEXT,2,266,57,288,23,2,728,90,,,,,,,,0
BublyPurple_728X90.psd,PRICE,PRICE,3,267,13,162,38,3,728,90,,,,,,,,0
BublyPurple_728X90.psd,LEGAL,LEGAL,3,10,76,78,9,4,728,90,,,,,,,,0
BublyPurple_728X90.psd,LOGO,LOGO,0,10,20,84,42,5,728,90,,,,,,,,0
BublyPurple_728X90.psd,FIXED,FIXED,4,570,0,159,91,6,728,90,,,,,,,,0
BublyPurple_828X340.psd,BACKGROUND,BACKGROUND,-1,0,0,828,340,0,828,340,,,,,,,,0
BublyPurple_828X340.psd,SKUs,PRODUCT,2,343,9,469,487,1,828,340,,,,,,,,0
BublyPurple_828X340.psd,COPY,TEXT,2,24,109,246,178,2,828,340,,,,,,,,0
BublyPurple_828X340.psd,PRICE,PRICE,3,26,19,323,75,3,828,340,,,,,,,,0
BublyPurple_828X340.psd,LEGAL,LEGAL,3,28,313,123,15,4,828,340,,,,,,,,0
Bubly_160X600.psd,BACKGROUND,BACKGROUND,-1,0,0,160,600,0,160,600,1706.0,1706.0,0.0,0.0,1706.0,1706.0,0.0,1
Bubly_160X600.psd,SKUs,PRODUCT,2,0,224,160,334,1,160,600,1706.0,1706.0,232.0,523.0,1273.0,570.0,3.0,1
Bubly_160X600.psd,COPY,TEXT,2,12,85,139,66,2,160,600,1706.0,1706.0,381.0,1341.0,910.0,146.0,1.0,1
Bubly_160X600.psd,CTA,CTA,3,12,522,139,37,3,160,600,1706.0,1706.0,,,,,,0
Bubly_160X600.psd,SUB HEADING,TEXT,2,14,406,132,63,4,160,600,1706.0,1706.0,381.0,1341.0,910.0,146.0,1.0,1
Bubly_300X250.psd,BACKGROUND,BACKGROUND,-1,0,0,300,250,0,300,250,1706.0,1706.0,0.0,0.0,1706.0,1706.0,0.0,1
Bubly_300X250.psd,SKUs,PRODUCT,2,0,63,278,187,1,300,250,1706.0,1706.0,232.0,523.0,1273.0,570.0,3.0,1
Bubly_300X250.psd,COPY,TEXT,2,33,24,236,28,2,300,250,1706.0,1706.0,381.0,1341.0,910.0,146.0,1.0,1
Bubly_300X250.psd,CTA,CTA,3,101,212,101,27,3,300,250,1706.0,1706.0,,,,,,0
Bubly_300X250.psd,SUB HEADING,TEXT,2,19,189,263,12,4,300,250,1706.0,1706.0,381.0,1341.0,910.0,146.0,1.0,1
Bubly_300X50.psd,BACKGROUND,BACKGROUND,-1,0,0,300,50,0,300,50,1706.0,1706.0,0.0,0.0,1706.0,1706.0,0.0,1
Bubly_300X50.psd,SKUs,PRODUCT,2,114,4,118,46,1,300,50,1706.0,1706.0,232.0,523.0,1273.0,570.0,3.0,1
Bubly_300X50.psd,CTA,CTA,3,238,17,58,15,2,300,50,1706.0,1706.0,,,,,,0
Bubly_300X50.psd,COPY,TEXT,2,6,17,101,12,3,300,50,1706.0,1706.0,381.0,1341.0,910.0,146.0,1.0,1
Bubly_300X600.psd,BACKGROUND,BACKGROUND,-1,0,0,300,600,0,300,600,1706.0,1706.0,0.0,0.0,1706.0,1706.0,0.0,1
Bubly_300X600.psd,SKUs,PRODUCT,2,0,183,300,417,1,300,600,1706.0,1706.0,232.0,523.0,1273.0,570.0,3.0,1
Bubly_300X600.psd,COPY,TEXT,2,45,48,212,101,2,300,600,1706.0,1706.0,381.0,1341.0,910.0,146.0,1.0,1
Bubly_300X600.psd,CTA,CTA,3,67,509,167,45,3,300,600,1706.0,1706.0,,,,,,0
Bubly_300X600.psd,SUB HEADING,TEXT,2,9,441,284,47,4,300,600,1706.0,1706.0,381.0,1341.0,910.0,146.0,1.0,1
Bubly_320X50.psd,BACKGROUND,BACKGROUND,-1,0,0,320,50,0,320,50,1706.0,1706.0,0.0,0.0,1706.0,1706.0,0.0,1
Bubly_320X50.psd,CTA,CTA,3,257,17,58,15,1,320,50,1706.0,1706.0,,,,,,0
Bubly_320X50.psd,SKUs,PRODUCT,2,130,1,119,49,2,320,50,1706.0,1706.0,232.0,523.0,1273.0,570.0,3.0,1
Bubly_320X50.psd,COPY,TEXT,2,6,16,117,14,3,320,50,1706.0,1706.0,381.0,1341.0,910.0,146.0,1.0,1
Bubly_728X90.psd,BACKGROUND,BACKGROUND,-1,0,0,728,90,0,728,90,1706.0,1706.0,0.0,0.0,1706.0,1706.0,0.0,1
Bubly_728X90.psd,SKUs,PRODUCT,2,280,0,276,90,1,728,90,1706.0,1706.0,232.0,523.0,1273.0,570.0,3.0,1
Bubly_728X90.psd,COPY,TEXT,2,36,29,222,27,2,728,90,1706.0,1706.0,381.0,1341.0,910.0,146.0,1.0,1
Bubly_728X90.psd,CTA,CTA,3,576,28,130,34,3,728,90,1706.0,1706.0,,,,,,0
FoodService_1024X555.psd,BACKGROUND,BACKGROUND,-1,0,0,1024,555,0,1024,555,1298.0,1080.0,0.0,0.0,1298.0,1080.0,0.0,1
FoodService_1024X555.psd,SKUs,PRODUCT,2,563,168,177,242,1,1024,555,1298.0,1080.0,804.0,275.0,267.0,701.0,1.0,1
FoodService_1024X555.psd,SKUs,PRODUCT,2,439,191,130,335,2,1024,555,1298.0,1080.0,804.0,275.0,267.0,701.0,1.0,1
FoodService_1024X555.psd,SKUs,PRODUCT,2,731,109,122,329,3,1024,555,1298.0,1080.0,804.0,275.0,267.0,701.0,1.0,1
FoodService_1024X555.psd,SKUs,PRODUCT,2,851,86,177,261,4,1024,555,1298.0,1080.0,804.0,275.0,267.0,701.0,1.0,1
FoodService_1024X555.psd,SUB HEADING,TEXT,2,86,360,289,46,5,1024,555,1298.0,1080.0,398.0,48.0,506.0,164.0,6.0,1
FoodService_1024X555.psd,COPY,TEXT,2,15,154,426,181,6,1024,555,1298.0,1080.0,398.0,48.0,506.0,164.0,6.0,1
FoodService_1024X555.psd,LEGAL,LEGAL,3,15,498,424,48,7,1024,555,1298.0,1080.0,23.0,1057.0,223.0,9.0,5.0,1
FoodService_1080X1185.psd,BACKGROUND,BACKGROUND,-1,0,0,1080,1185,0,1080,1185,1298.0,1080.0,0.0,0.0,1298.0,1080.0,0.0,1
FoodService_1080X1185.psd,SUB HEADING,TEXT,2,311,354,470,74,1,1080,1185,1298.0,1080.0,398.0,48.0,506.0,164.0,6.0,1
FoodService_1080X1185.psd,SKUs,PRODUCT,2,247,560,304,413,2,1080,1185,1298.0,1080.0,804.0,275.0,267.0,701.0,1.0,1
FoodService_1080X1185.psd,SKUs,PRODUCT,2,50,594,212,563,3,1080,1185,1298.0,1080.0,804.0,275.0,267.0,701.0,1.0,1
FoodService_1080X1185.psd,SKUs,PRODUCT,2,526,479,206,558,4,1080,1185,1298.0,1080.0,804.0,275.0,267.0,701.0,1.0,1
FoodService_1080X1185.psd,SKUs,PRODUCT,2,727,429,303,447,5,1080,1185,1298.0,1080.0,804.0,275.0,267.0,701.0,1.0,1
FoodService_1080X1185.psd,COPY,TEXT,2,195,18,693,295,6,1080,1185,1298.0,1080.0,398.0,48.0,506.0,164.0,6.0,1
FoodService_1080X1185.psd,LEGAL,LEGAL,3,449,1102,610,67,7,1080,1185,1298.0,1080.0,23.0,1057.0,223.0,9.0,5.0,1
FoodService_1080X1920.psd,BACKGROUND,BACKGROUND,-1,0,0,1080,1920,0,1080,1920,1298.0,1080.0,0.0,0.0,1298.0,1080.0,0.0,1
FoodService_1080X1920.psd,SUB HEADING,TEXT,2,262,432,569,91,1,1080,1920,1298.0,1080.0,398.0,48.0,506.0,164.0,6.0,1
FoodService_1080X1920.psd,COPY,TEXT,2,120,25,841,358,2,1080,1920,1298.0,1080.0,398.0,48.0,506.0,164.0,6.0,1
FoodService_1080X1920.psd,SKUs,PRODUCT,2,447,578,418,567,3,1080,1920,1298.0,1080.0,804.0,275.0,267.0,701.0,1.0,1
FoodService_1080X1920.psd,SKUs,PRODUCT,2,95,535,292,774,4,1080,1920,1298.0,1080.0,804.0,275.0,267.0,701.0,1.0,1
FoodService_1080X1920.psd,SKUs,PRODUCT,2,292,1144,283,767,5,1080,1920,1298.0,1080.0,804.0,275.0,267.0,701.0,1.0,1
FoodService_1080X1920.psd,SKUs,PRODUCT,2,598,1174,417,614,6,1080,1920,1298.0,1080.0,804.0,275.0,267.0,701.0,1.0,1
FoodService_1080X1920.psd,LEGAL,LEGAL,3,30,1787,280,120,7,1080,1920,1298.0,1080.0,23.0,1057.0,223.0,9.0,5.0,1
FoodService_600X500.psd,BACKGROUND,BACKGROUND,-1,0,0,600,500,0,600,500,1298.0,1080.0,0.0,0.0,1298.0,1080.0,0.0,1
FoodService_600X500.psd,SUB HEADING,TEXT,2,85,122,426,16,1,600,500,1298.0,1080.0,398.0,48.0,506.0,164.0,6.0,1
FoodService_600X500.psd,COPY,TEXT,2,44,31,538,71,2,600,500,1298.0,1080.0,398.0,48.0,506.0,164.0,6.0,1
FoodService_600X500.psd,LEGAL,LEGAL,3,256,453,331,38,3,600,500,1298.0,1080.0,23.0,1057.0,223.0,9.0,5.0,1
FoodService_600X500.psd,SKUs,PRODUCT,2,163,214,141,191,4,600,500,1298.0,1080.0,804.0,275.0,267.0,701.0,1.0,1
FoodService_600X500.psd,SKUs,PRODUCT,2,69,230,99,262,5,600,500,1298.0,1080.0,804.0,275.0,267.0,701.0,1.0,1
FoodService_600X500.psd,SKUs,PRODUCT,2,295,166,95,259,6,600,500,1298.0,1080.0,804.0,275.0,267.0,701.0,1.0,1
FoodService_600X500.psd,SKUs,PRODUCT,2,390,148,141,207,7,600,500,1298.0,1080.0,804.0,275.0,267.0,701.0,1.0,1
Gatorade_HBTW_160X600.psd,BACKGROUND,BACKGROUND,-1,0,0,160,600,0,160,600,1920.0,1080.0,0.0,0.0,1920.0,1080.0,0.0,1
Gatorade_HBTW_160X600.psd,LOGO,LOGO,0,51,394,59,63,1,160,600,1920.0,1080.0,19.0,535.0,10.0,367.0,2.0,1
Gatorade_HBTW_160X600.psd,SKUs,PRODUCT,2,4,189,166,275,2,160,600,1920.0,1080.0,287.0,238.0,1330.0,842.0,1.0,1
Gatorade_HBTW_160X600.psd,LEGAL,LEGAL,3,22,479,116,11,3,160,600,1920.0,1080.0,,,,,,0
Gatorade_HBTW_160X600.psd,CTA,CTA,3,29,523,105,55,4,160,600,1920.0,1080.0,,,,,,0
Gatorade_HBTW_160X600.psd,COPY,TEXT,2,15,36,132,123,5,160,600,1920.0,1080.0,51.0,55.0,1818.0,126.0,3.0,1
Gatorade_HBTW_300X250.psd,BACKGROUND,BACKGROUND,-1,0,0,300,250,0,300,250,1920.0,1080.0,0.0,0.0,1920.0,1080.0,0.0,1
Gatorade_HBTW_300X250.psd,LOGO,LOGO,0,271,165,27,30,1,300,250,1920.0,1080.0,19.0,535.0,10.0,367.0,2.0,1
Gatorade_HBTW_300X250.psd,SKUs,PRODUCT,2,34,40,243,208,2,300,250,1920.0,1080.0,287.0,238.0,1330.0,842.0,1.0,1
Gatorade_HBTW_300X250.psd,LEGAL,LEGAL,3,3,188,167,5,3,300,250,1920.0,1080.0,,,,,,0
Gatorade_HBTW_300X250.psd,CTA,CTA,3,38,209,225,30,4,300,250,1920.0,1080.0,,,,,,0
Gatorade_HBTW_300X250.psd,COPY,TEXT,2,21,14,258,19,5,300,250,1920.0,1080.0,51.0,55.0,1818.0,126.0,3.0,1
Gatorade_HBTW_320X480.psd,BACKGROUND,BACKGROUND,-1,0,0,320,480,0,320,480,1920.0,1080.0,0.0,0.0,1920.0,1080.0,0.0,1
Gatorade_HBTW_320X480.psd,LOGO,LOGO,0,136,346,50,53,1,320,480,1920.0,1080.0,19.0,535.0,10.0,367.0,2.0,1
Gatorade_HBTW_320X480.psd,SKUs,PRODUCT,2,4,138,321,275,2,320,480,1920.0,1080.0,287.0,238.0,1330.0,842.0,1.0,1
Gatorade_HBTW_320X480.psd,LEGAL,LEGAL,3,47,407,228,5,3,320,480,1920.0,1080.0,,,,,,0
Gatorade_HBTW_320X480.psd,CTA,CTA,3,51,433,218,30,4,320,480,1920.0,1080.0,,,,,,0
Gatorade_HBTW_320X480.psd,COPY,TEXT,2,32,52,252,65,5,320,480,1920.0,1080.0,51.0,55.0,1818.0,126.0,3.0,1
Gatorade_HBTW_320X50.psd,BACKGROUND,BACKGROUND,-1,0,0,320,50,0,320,50,1920.0,1080.0,0.0,0.0,1920.0,1080.0,0.0,1
Gatorade_HBTW_320X50.psd,LOGO,LOGO,0,6,12,25,27,1,320,50,1920.0,1080.0,19.0,535.0,10.0,367.0,2.0,1
Gatorade_HBTW_320X50.psd,SKUs,PRODUCT,2,182,3,53,87,2,320,50,1920.0,1080.0,287.0,238.0,1330.0,842.0,1.0,1
Gatorade_HBTW_320X50.psd,LEGAL,LEGAL,3,42,40,140,4,3,320,50,1920.0,1080.0,,,,,,0
Gatorade_HBTW_320X50.psd,CTA,CTA,3,253,18,54,15,4,320,50,1920.0,1080.0,,,,,,0
Gatorade_HBTW_320X50.psd,COPY,TEXT,2,42,6,125,33,5,320,50,1920.0,1080.0,51.0,55.0,1818.0,126.0,3.0,1
Gatorade_HBTW_728X90.psd,BACKGROUND,BACKGROUND,-1,0,0,728,90,0,728,90,1920.0,1080.0,0.0,0.0,1920.0,1080.0,0.0,1
Gatorade_HBTW_728X90.psd,LOGO,LOGO,0,18,16,57,61,1,728,90,1920.0,1080.0,19.0,535.0,10.0,367.0,2.0,1
Gatorade_HBTW_728X90.psd,SKUs,PRODUCT,2,391,8,187,160,2,728,90,1920.0,1080.0,287.0,238.0,1330.0,842.0,1.0,1
Gatorade_HBTW_728X90.psd,LEGAL,LEGAL,3,112,77,257,7,3,728,90,1920.0,1080.0,,,,,,0
Gatorade_HBTW_728X90.psd,CTA,CTA,3,604,30,109,30,4,728,90,1920.0,1080.0,,,,,,0
Gatorade_HBTW_728X90.psd,COPY,TEXT,2,112,15,229,59,5,728,90,1920.0,1080.0,51.0,55.0,1818.0,126.0,3.0,1
Gatorade_KHKG_1140X40.psd,BACKGROUND,BACKGROUND,-1,0,0,1140,40,0,1140,40,811.0,1411.0,0.0,0.0,811.0,1411.0,0.0,1
Gatorade_KHKG_1140X40.psd,LOGO,LOGO,0,21,5,27,30,1,1140,40,811.0,1411.0,517.0,106.0,240.0,278.0,1.0,1
Gatorade_KHKG_1140X40.psd,SKUs,PRODUCT,2,518,2,52,51,2,1140,40,811.0,1411.0,29.0,430.0,747.0,619.0,2.0,1
Gatorade_KHKG_1140X40.psd,SKUs,PRODUCT,2,778,0,53,53,3,1140,40,811.0,1411.0,29.0,430.0,747.0,619.0,2.0,1
Gatorade_KHKG_1140X40.psd,SKUs,PRODUCT,2,923,4,21,62,4,1140,40,811.0,1411.0,29.0,430.0,747.0,619.0,2.0,1
Gatorade_KHKG_1140X40.psd,SKUs,PRODUCT,2,664,3,24,56,5,1140,40,811.0,1411.0,29.0,430.0,747.0,619.0,2.0,1
Gatorade_KHKG_1140X40.psd,CTA,CTA,3,1024,6,77,29,6,1140,40,811.0,1411.0,63.0,1036.0,687.0,303.0,6.0,1
Gatorade_KHKG_1140X40.psd,COPY,TEXT,2,66,14,179,13,7,1140,40,811.0,1411.0,51.0,397.0,295.0,17.0,3.0,1
Gatorade_KHKG_1140X40.psd,SUB HEADING,TEXT,2,252,10,145,17,8,1140,40,811.0,1411.0,51.0,397.0,295.0,17.0,3.0,1
Gatorade_KHKG_160X600.psd,BACKGROUND,BACKGROUND,-1,0,0,160,600,0,160,600,811.0,1411.0,0.0,0.0,811.0,1411.0,0.0,1
Gatorade_KHKG_160X600.psd,LOGO,LOGO,0,47,21,61,65,1,160,600,811.0,1411.0,517.0,106.0,240.0,278.0,1.0,1
Gatorade_KHKG_160X600.psd,SKUs,PRODUCT,2,-10,275,175,211,2,160,600,811.0,1411.0,29.0,430.0,747.0,619.0,2.0,1
Gatorade_KHKG_160X600.psd,CTA,CTA,3,27,485,105,40,3,160,600,811.0,1411.0,63.0,1036.0,687.0,303.0,6.0,1
Gatorade_KHKG_160X600.psd,COPY,TEXT,2,20,94,120,65,4,160,600,811.0,1411.0,51.0,397.0,295.0,17.0,3.0,1
Gatorade_KHKG_160X600.psd,SUB HEADING,TEXT,2,34,170,93,30,5,160,600,811.0,1411.0,51.0,397.0,295.0,17.0,3.0,1
Gatorade_KHKG_160X600.psd,FIXED,FIXED,4,0,540,160,60,6,160,600,811.0,1411.0,,,,,,0
Gatorade_KHKG_250X250.psd,BACKGROUND,BACKGROUND,-1,0,0,250,250,0,250,250,811.0,1411.0,0.0,0.0,811.0,1411.0,0.0,1
Gatorade_KHKG_250X250.psd,LOGO,LOGO,0,13,13,33,38,1,250,250,811.0,1411.0,517.0,106.0,240.0,278.0,1.0,1
Gatorade_KHKG_250X250.psd,SKUs,PRODUCT,2,103,70,148,130,2,250,250,811.0,1411.0,29.0,430.0,747.0,619.0,2.0,1
Gatorade_KHKG_250X250.psd,SUB HEADING,TEXT,2,13,101,83,29,3,250,250,811.0,1411.0,51.0,397.0,295.0,17.0,3.0,1
Gatorade_KHKG_250X250.psd,COPY,TEXT,2,13,59,126,35,4,250,250,811.0,1411.0,51.0,397.0,295.0,17.0,3.0,1
Gatorade_KHKG_250X250.psd,FIXED,FIXED,4,0,196,250,56,5,250,250,811.0,1411.0,,,,,,0
Gatorade_KHKG_300X250.psd,BACKGROUND,BACKGROUND,-1,0,0,300,250,0,300,250,811.0,1411.0,0.0,0.0,811.0,1411.0,0.0,1
Gatorade_KHKG_300X250.psd,CTA,CTA,3,19,199,105,40,1,300,250,811.0,1411.0,63.0,1036.0,687.0,303.0,6.0,1
Gatorade_KHKG_300X250.psd,SKUs,PRODUCT,2,126,105,173,151,2,300,250,811.0,1411.0,29.0,430.0,747.0,619.0,2.0,1
Gatorade_KHKG_300X250.psd,LOGO,LOGO,0,19,11,46,53,3,300,250,811.0,1411.0,517.0,106.0,240.0,278.0,1.0,1
Gatorade_KHKG_300X250.psd,SUB HEADING,TEXT,2,18,123,92,28,4,300,250,811.0,1411.0,51.0,397.0,295.0,17.0,3.0,1
Gatorade_KHKG_300X250.psd,COPY,TEXT,2,18,74,153,43,5,300,250,811.0,1411.0,51.0,397.0,295.0,17.0,3.0,1
Gatorade_KHKG_300X600.psd,BACKGROUND,BACKGROUND,-1,0,0,300,600,0,300,600,811.0,1411.0,0.0,0.0,811.0,1411.0,0.0,1
Gatorade_KHKG_300X600.psd,SKUs,PRODUCT,2,0,241,296,245,1,300,600,811.0,1411.0,29.0,430.0,747.0,619.0,2.0,1
Gatorade_KHKG_300X600.psd,CTA,CTA,3,97,484,105,40,2,300,600,811.0,1411.0,63.0,1036.0,687.0,303.0,6.0,1
Gatorade_KHKG_300X600.psd,FIXED,FIXED,4,-1,540,600,61,3,300,600,811.0,1411.0,,,,,,0
Gatorade_KHKG_300X600.psd,COPY,TEXT,2,73,102,153,43,4,300,600,811.0,1411.0,51.0,397.0,295.0,17.0,3.0,1
Gatorade_KHKG_300X600.psd,SUB HEADING,TEXT,2,68,158,164,16,5,300,600,811.0,1411.0,51.0,397.0,295.0,17.0,3.0,1
Gatorade_KHKG_300X600.psd,LOGO,LOGO,0,122,31,56,63,6,300,600,811.0,1411.0,517.0,106.0,240.0,278.0,1.0,1
Gatorade_KHKG_314X60.psd,BACKGROUND,BACKGROUND,-1,0,0,314,60,0,314,60,811.0,1411.0,0.0,0.0,811.0,1411.0,0.0,1
Gatorade_KHKG_314X60.psd,SKUs,PRODUCT,2,201,5,28,83,1,314,60,811.0,1411.0,29.0,430.0,747.0,619.0,2.0,1
Gatorade_KHKG_314X60.psd,SKUs,PRODUCT,2,166,6,32,75,2,314,60,811.0,1411.0,29.0,430.0,747.0,619.0,2.0,1
Gatorade_KHKG_314X60.psd,LOGO,LOGO,0,17,9,36,41,3,314,60,811.0,1411.0,517.0,106.0,240.0,278.0,1.0,1
Gatorade_KHKG_314X60.psd,CTA,CTA,3,238,18,70,26,4,314,60,811.0,1411.0,63.0,1036.0,687.0,303.0,6.0,1
Gatorade_KHKG_314X60.psd,COPY,TEXT,2,64,19,98,27,5,314,60,811.0,1411.0,51.0,397.0,295.0,17.0,3.0,1
Gatorade_KHKG_486X58.psd,BACKGROUND,BACKGROUND,-1,0,0,486,58,0,486,58,811.0,1411.0,0.0,0.0,811.0,1411.0,0.0,1
Gatorade_KHKG_486X58.psd,SKUs,PRODUCT,2,218,6,73,72,1,486,58,811.0,1411.0,29.0,430.0,747.0,619.0,2.0,1
Gatorade_KHKG_486X58.psd,SKUs,PRODUCT,2,311,5,69,71,2,486,58,811.0,1411.0,29.0,430.0,747.0,619.0,2.0,1
Gatorade_KHKG_486X58.psd,LOGO,LOGO,0,10,11,34,38,3,486,58,811.0,1411.0,517.0,106.0,240.0,278.0,1.0,1
Gatorade_KHKG_486X58.psd,CTA,CTA,3,402,17,73,27,4,486,58,811.0,1411.0,63.0,1036.0,687.0,303.0,6.0,1
Gatorade_KHKG_486X58.psd,COPY,TEXT,2,56,10,98,26,5,486,58,811.0,1411.0,51.0,397.0,295.0,17.0,3.0,1
Gatorade_KHKG_486X58.psd,SUB HEADING,TEXT,2,56,37,124,14,6,486,58,811.0,1411.0,51.0,397.0,295.0,17.0,3.0,1
Gatorade_KHKG_970X250.psd,BACKGROUND,BACKGROUND,-1,0,0,970,250,0,970,250,811.0,1411.0,0.0,0.0,811.0,1411.0,0.0,1
Gatorade_KHKG_970X250.psd,LOGO,LOGO,0,35,83,82,95,1,970,250,811.0,1411.0,517.0,106.0,240.0,278.0,1.0,1
Gatorade_KHKG_970X250.psd,SKUs,PRODUCT,2,438,-3,353,269,2,970,250,811.0,1411.0,29.0,430.0,747.0,619.0,2.0,1
Gatorade_KHKG_970X250.psd,COPY,TEXT,2,165,71,275,76,3,970,250,811.0,1411.0,51.0,397.0,295.0,17.0,3.0,1
Gatorade_KHKG_970X250.psd,SUB HEADING,TEXT,2,166,157,164,16,4,970,250,811.0,1411.0,51.0,397.0,295.0,17.0,3.0,1
Gatorade_KHKG_970X250.psd,FIXED,FIXED,4,808,0,162,250,5,970,250,811.0,1411.0,,,,,,0
Gatorade_Mashups_1080X1080.psd,BACKGROUND,BACKGROUND,-1,0,0,1080,1080,0,1080,1080,1920.0,1080.0,0.0,-7.0,1920.0,1094.0,0.0,1
Gatorade_Mashups_1080X1080.psd,SKUs,PRODUCT,2,280,424,514,590,1,1080,1080,1920.0,1080.0,872.0,96.0,1030.0,997.0,4.0,1
Gatorade_Mashups_1080X1080.psd,LOGO,LOGO,0,842,886,174,139,2,1080,1080,1920.0,1080.0,,,,,,0
Gatorade_Mashups_1080X1080.psd,COPY,TEXT,2,168,96,741,209,3,1080,1080,1920.0,1080.0,180.0,95.0,542.0,304.0,3.0,1
Gatorade_Mashups_1200X628.psd,BACKGROUND,BACKGROUND,-1,0,0,1200,628,0,1200,628,1920.0,1080.0,0.0,-7.0,1920.0,1094.0,0.0,1
Gatorade_Mashups_1200X628.psd,SKUs,PRODUCT,2,621,61,451,518,1,1200,628,1920.0,1080.0,872.0,96.0,1030.0,997.0,4.0,1
Gatorade_Mashups_1200X628.psd,COPY,TEXT,2,38,191,453,254,2,1200,628,1920.0,1080.0,180.0,95.0,542.0,304.0,3.0,1
Gatorade_Mashups_1200X628.psd,LOGO,LOGO,0,15,30,124,98,3,1200,628,1920.0,1080.0,,,,,,0
Gatorade_Mashups_160X600.psd,BACKGROUND,BACKGROUND,-1,0,0,160,600,0,160,600,1920.0,1080.0,0.0,-7.0,1920.0,1094.0,0.0,1
Gatorade_Mashups_160X600.psd,SKUs,PRODUCT,2,33,159,96,179,1,160,600,1920.0,1080.0,872.0,96.0,1030.0,997.0,4.0,1
Gatorade_Mashups_160X600.psd,SKUs,PRODUCT,2,36,364,90,178,2,160,600,1920.0,1080.0,872.0,96.0,1030.0,997.0,4.0,1
Gatorade_Mashups_160X600.psd,CTA,CTA,3,8,557,144,30,3,160,600,1920.0,1080.0,79.0,640.0,744.0,181.0,1.0,1
Gatorade_Mashups_160X600.psd,COPY,TEXT,2,17,64,126,70,4,160,600,1920.0,1080.0,180.0,95.0,542.0,304.0,3.0,1
Gatorade_Mashups_160X600.psd,LOGO,LOGO,0,52,12,55,43,5,160,600,1920.0,1080.0,,,,,,0
Gatorade_Mashups_300X250.psd,BACKGROUND,BACKGROUND,-1,0,0,300,250,0,300,250,1920.0,1080.0,0.0,-7.0,1920.0,1094.0,0.0,1
Gatorade_Mashups_300X250.psd,SKUs,PRODUCT,2,160,62,139,160,1,300,250,1920.0,1080.0,872.0,96.0,1030.0,997.0,4.0,1
Gatorade_Mashups_300X250.psd,COPY,TEXT,2,5,74,136,77,2,300,250,1920.0,1080.0,180.0,95.0,542.0,304.0,3.0,1
Gatorade_Mashups_300X250.psd,LOGO,LOGO,0,5,10,46,36,3,300,250,1920.0,1080.0,,,,,,0
Gatorade_Mashups_300X250.psd,CTA,CTA,3,12,164,121,25,4,300,250,1920.0,1080.0,79.0,640.0,744.0,181.0,1.0,1
Gatorade_Mashups_300X50.psd,BACKGROUND,BACKGROUND,-1,0,0,300,50,0,300,50,1920.0,1080.0,0.0,-7.0,1920.0,1094.0,0.0,1
Gatorade_Mashups_300X50.psd,SKUs,PRODUCT,2,126,3,86,76,1,300,50,1920.0,1080.0,872.0,96.0,1030.0,997.0,4.0,1
Gatorade_Mashups_300X50.psd,CTA,CTA,3,213,17,78,17,2,300,50,1920.0,1080.0,79.0,640.0,744.0,181.0,1.0,1
Gatorade_Mashups_300X50.psd,COPY,TEXT,2,55,6,64,37,3,300,50,1920.0,1080.0,180.0,95.0,542.0,304.0,3.0,1
Gatorade_Mashups_300X50.psd,LOGO,LOGO,0,11,10,38,30,4,300,50,1920.0,1080.0,,,,,,0
Gatorade_Mashups_300X600.psd,BACKGROUND,BACKGROUND,-1,0,0,300,600,0,300,600,1920.0,1080.0,0.0,-7.0,1920.0,1094.0,0.0,1
Gatorade_Mashups_300X600.psd,SKUs,PRODUCT,2,42,256,218,250,1,300,600,1920.0,1080.0,872.0,96.0,1030.0,997.0,4.0,1
Gatorade_Mashups_300X600.psd,COPY,TEXT,2,40,64,222,124,2,300,600,1920.0,1080.0,180.0,95.0,542.0,304.0,3.0,1
Gatorade_Mashups_300X600.psd,LOGO,LOGO,0,12,12,54,43,3,300,600,1920.0,1080.0,,,,,,0
Gatorade_Mashups_300X600.psd,CTA,CTA,3,41,530,219,46,4,300,600,1920.0,1080.0,79.0,640.0,744.0,181.0,1.0,1
Gatorade_Mashups_320X50.psd,BACKGROUND,BACKGROUND,-1,0,0,320,50,0,320,50,1920.0,1080.0,0.0,-7.0,1920.0,1094.0,0.0,1
Gatorade_Mashups_320X50.psd,LOGO,LOGO,0,10,10,39,31,1,320,50,1920.0,1080.0,,,,,,0
Gatorade_Mashups_320X50.psd,SKUs,PRODUCT,2,131,1,89,78,2,320,50,1920.0,1080.0,872.0,96.0,1030.0,997.0,4.0,1
Gatorade_Mashups_320X50.psd,CTA,CTA,3,226,16,87,19,3,320,50,1920.0,1080.0,79.0,640.0,744.0,181.0,1.0,1
Gatorade_Mashups_320X50.psd,COPY,TEXT,2,54,6,67,38,4,320,50,1920.0,1080.0,180.0,95.0,542.0,304.0,3.0,1
Gatorade_Mashups_720X1280.psd,BACKGROUND,BACKGROUND,-1,0,0,720,1280,0,720,1280,1920.0,1080.0,0.0,-7.0,1920.0,1094.0,0.0,1
Gatorade_Mashups_720X1280.psd,SKUs,PRODUCT,2,100,587,533,613,1,720,1280,1920.0,1080.0,872.0,96.0,1030.0,997.0,4.0,1
Gatorade_Mashups_720X1280.psd,COPY,TEXT,2,105,141,517,298,2,720,1280,1920.0,1080.0,180.0,95.0,542.0,304.0,3.0,1
Gatorade_Mashups_720X1280.psd,LOGO,LOGO,0,23,23,136,108,3,720,1280,1920.0,1080.0,,,,,,0
Gatorade_Mashups_728X90.psd,BACKGROUND,BACKGROUND,-1,0,0,728,90,0,728,90,1920.0,1080.0,0.0,-7.0,1920.0,1094.0,0.0,1
Gatorade_Mashups_728X90.psd,CTA,CTA,3,505,25,196,41,1,728,90,1920.0,1080.0,79.0,640.0,744.0,181.0,1.0,1
Gatorade_Mashups_728X90.psd,COPY,TEXT,2,139,8,135,76,2,728,90,1920.0,1080.0,180.0,95.0,542.0,304.0,3.0,1
Gatorade_Mashups_728X90.psd,SKUs,PRODUCT,2,304,7,172,152,3,728,90,1920.0,1080.0,872.0,96.0,1030.0,997.0,4.0,1
Gatorade_Mashups_728X90.psd,LOGO,LOGO,0,32,11,89,70,4,728,90,1920.0,1080.0,,,,,,0
Gatorade_Mashups_800X418.psd,BACKGROUND,BACKGROUND,-1,0,0,800,418,0,800,418,1920.0,1080.0,0.0,-7.0,1920.0,1094.0,0.0,1
Gatorade_Mashups_800X418.psd,SKUs,PRODUCT,2,305,38,477,395,1,800,418,1920.0,1080.0,872.0,96.0,1030.0,997.0,4.0,1
Gatorade_Mashups_800X418.psd,COPY,TEXT,2,45,124,244,137,2,800,418,1920.0,1080.0,180.0,95.0,542.0,304.0,3.0,1
Gatorade_Mashups_800X418.psd,LOGO,LOGO,0,142,56,50,55,3,800,418,1920.0,1080.0,,,,,,0
Gatorade_Mashups_800X418.psd,CTA,CTA,3,45,277,244,91,4,800,418,1920.0,1080.0,79.0,640.0,744.0,181.0,1.0,1
Gatorade_NFL_1280X160.psd,BACKGROUND,BACKGROUND,-1,0,0,1280,160,0,1280,160,1920.0,1080.0,0.0,0.0,1920.0,1080.0,0.0,1
Gatorade_NFL_1280X160.psd,LOGO,LOGO,0,477,51,132,79,1,1280,160,1920.0,1080.0,222.0,674.0,414.0,244.0,5.0,1
Gatorade_NFL_1280X160.psd,SKUs,PRODUCT,2,658,12,450,143,2,1280,160,1920.0,1080.0,724.0,48.0,1498.0,986.0,1.0,1
Gatorade_NFL_1280X160.psd,CTA,CTA,3,31,107,115,19,3,1280,160,1920.0,1080.0,,,,,,0
Gatorade_NFL_1280X160.psd,SUB HEADING,TEXT,2,32,83,141,16,4,1280,160,1920.0,1080.0,89.0,177.0,679.0,331.0,3.0,1
Gatorade_NFL_1280X160.psd,COPY,TEXT,2,32,48,425,29,5,1280,160,1920.0,1080.0,89.0,177.0,679.0,331.0,3.0,1
Gatorade_NFL_238X405.psd,BACKGROUND,BACKGROUND,-1,0,0,238,405,0,238,405,1920.0,1080.0,0.0,0.0,1920.0,1080.0,0.0,1
Gatorade_NFL_238X405.psd,SKUs,PRODUCT,2,7,159,231,146,1,238,405,1920.0,1080.0,724.0,48.0,1498.0,986.0,1.0,1
Gatorade_NFL_238X405.psd,LOGO,LOGO,0,64,326,112,66,2,238,405,1920.0,1080.0,222.0,674.0,414.0,244.0,5.0,1
Gatorade_NFL_238X405.psd,CTA,CTA,3,32,114,118,19,3,238,405,1920.0,1080.0,,,,,,0
Gatorade_NFL_238X405.psd,COPY,TEXT,2,32,31,132,77,4,238,405,1920.0,1080.0,89.0,177.0,679.0,331.0,3.0,1
Gatorade_NFL_624X1420.psd,BACKGROUND,BACKGROUND,-1,0,0,624,1420,0,624,1420,1920.0,1080.0,0.0,0.0,1920.0,1080.0,0.0,1
Gatorade_NFL_624X1420.psd,SKUs,PRODUCT,2,-26,512,700,457,1,624,1420,1920.0,1080.0,724.0,48.0,1498.0,986.0,1.0,1
Gatorade_NFL_624X1420.psd,LOGO,LOGO,0,106,1060,412,240,2,624,1420,1920.0,1080.0,222.0,674.0,414.0,244.0,5.0,1
Gatorade_NFL_624X1420.psd,SUB HEADING,TEXT,2,32,274,348,36,3,624,1420,1920.0,1080.0,89.0,177.0,679.0,331.0,3.0,1
Gatorade_NFL_624X1420.psd,COPY,TEXT,2,27,123,485,124,4,624,1420,1920.0,1080.0,89.0,177.0,679.0,331.0,3.0,1
Gatorade_NFL_640X160.psd,BACKGROUND,BACKGROUND,-1,0,0,640,160,0,640,160,1920.0,1080.0,0.0,0.0,1920.0,1080.0,0.0,1
Gatorade_NFL_640X160.psd,SKUs,PRODUCT,2,296,-4,353,165,1,640,160,1920.0,1080.0,724.0,48.0,1498.0,986.0,1.0,1
Gatorade_NFL_640X160.psd,LOGO,LOGO,0,224,85,83,49,2,640,160,1920.0,1080.0,222.0,674.0,414.0,244.0,5.0,1
Gatorade_NFL_640X160.psd,COPY,TEXT,2,30,32,239,54,3,640,160,1920.0,1080.0,89.0,177.0,679.0,331.0,3.0,1
Gatorade_NFL_640X160.psd,SUB HEADING,TEXT,2,31,98,142,16,4,640,160,1920.0,1080.0,89.0,177.0,679.0,331.0,3.0,1
Gatorade_RR_300X250.psd,BACKGROUND,BACKGROUND,-1,0,0,300,250,0,300,250,,,,,,,,0
Gatorade_RR_300X250.psd,SKUs,PRODUCT,2,40,65,238,148,1,300,250,,,,,,,,0
Gatorade_RR_300X250.psd,CTA,CTA,3,18,216,264,28,2,300,250,,,,,,,,0
Gatorade_RR_300X250.psd,COPY,TEXT,2,87,14,187,51,3,300,250,,,,,,,,0
Gatorade_RR_300X250.psd,LOGO,LOGO,0,27,12,49,54,4,300,250,,,,,,,,0
Gatorade_RR_728X90.psd,BACKGROUND,BACKGROUND,-1,0,0,728,90,0,728,90,,,,,,,,0
Gatorade_RR_728X90.psd,SKUs,PRODUCT,2,366,0,147,90,1,728,90,,,,,,,,0
Gatorade_RR_728X90.psd,CTA,CTA,3,521,19,189,52,2,728,90,,,,,,,,0
Gatorade_RR_728X90.psd,LOGO,LOGO,0,14,5,73,80,3,728,90,,,,,,,,0
Gatorade_RR_728X90.psd,COPY,TEXT,2,110,12,242,66,4,728,90,,,,,,,,0
Gatorade_RR_896X504.psd,BACKGROUND,BACKGROUND,-1,0,0,896,504,0,896,504,,,,,,,,0
Gatorade_RR_896X504.psd,SKUs,PRODUCT,2,372,74,566,352,1,896,504,,,,,,,,0
Gatorade_RR_896X504.psd,COPY,TEXT,2,20,250,343,92,2,896,504,,,,,,,,0
Gatorade_RR_896X504.psd,LOGO,LOGO,0,150,132,82,91,3,896,504,,,,,,,,0
Holiday_1080X1080.psd,BACKGROUND,BACKGROUND,-1,0,0,1080,1080,0,1080,1080,,,,,,,,0
Holiday_1080X1080.psd,LOGO,LOGO,0,83,382,854,289,1,1080,1080,,,,,,,,0
Holiday_1080X1080.psd,LEGAL,LEGAL,3,524,1029,546,46,2,1080,1080,,,,,,,,0
Holiday_1200X628.psd,BACKGROUND,BACKGROUND,-1,-74,-445,1522,1142,0,1200,628,,,,,,,,0
Holiday_1200X628.psd,LOGO,LOGO,0,207,192,751,254,1,1200,628,,,,,,,,0
Holiday_1200X628.psd,LEGAL,LEGAL,3,772,582,424,42,2,1200,628,,,,,,,,0
Holiday_720X1280.psd,BACKGROUND,BACKGROUND,-1,0,0,720,1280,0,720,1280,,,,,,,,0
Holiday_720X1280.psd,LOGO,LOGO,0,-3,472,682,231,1,720,1280,,,,,,,,0
Holiday_720X1280.psd,LEGAL,LEGAL,3,311,1243,414,42,2,720,1280,,,,,,,,0
Holiday_800X419.psd,BACKGROUND,BACKGROUND,-1,0,0,800,419,0,800,419,,,,,,,,0
Holiday_800X419.psd,LOGO,LOGO,0,138,129,501,168,1,800,419,,,,,,,,0
Holiday_800X419.psd,LEGAL,LEGAL,3,510,383,292,38,2,800,419,,,,,,,,0
MDew_1920X2160.psd,BACKGROUND,BACKGROUND,-1,0,0,1920,2160,0,1920,2160,1080.0,1920.0,0.0,0.0,1080.0,1920.0,0.0,1
MDew_1920X2160.psd,SKUs,PRODUCT,2,948,803,629,1857,1,1920,2160,1080.0,1920.0,485.0,656.0,591.0,1673.0,1.0,1
MDew_1920X2160.psd,SKUs,PRODUCT,2,345,803,624,1857,2,1920,2160,1080.0,1920.0,485.0,656.0,591.0,1673.0,1.0,1
MDew_1920X2160.psd,COPY,TEXT,2,405,27,1110,777,3,1920,2160,1080.0,1920.0,57.0,46.0,967.0,696.0,3.0,1
MDew_320X540.psd,BACKGROUND,BACKGROUND,-1,0,0,320,540,0,320,540,1080.0,1920.0,0.0,0.0,1080.0,1920.0,0.0,1
MDew_320X540.psd,SKUs,PRODUCT,2,149,192,159,471,1,320,540,1080.0,1920.0,485.0,656.0,591.0,1673.0,1.0,1
MDew_320X540.psd,SKUs,PRODUCT,2,14,192,158,471,2,320,540,1080.0,1920.0,485.0,656.0,591.0,1673.0,1.0,1
MDew_320X540.psd,COPY,TEXT,2,20,-3,281,198,3,320,540,1080.0,1920.0,57.0,46.0,967.0,696.0,3.0,1
MDew_320X900.psd,BACKGROUND,BACKGROUND,-1,0,0,320,900,0,320,900,1080.0,1920.0,0.0,0.0,1080.0,1920.0,0.0,1
MDew_320X900.psd,SKUs,PRODUCT,2,149,379,165,489,1,320,900,1080.0,1920.0,485.0,656.0,591.0,1673.0,1.0,1
MDew_320X900.psd,SKUs,PRODUCT,2,9,379,164,489,2,320,900,1080.0,1920.0,485.0,656.0,591.0,1673.0,1.0,1
MDew_320X900.psd,COPY,TEXT,2,-7,14,333,233,3,320,900,1080.0,1920.0,57.0,46.0,967.0,696.0,3.0,1
MDew_320X900.psd,LOGO,LOGO,0,-79,728,478,263,4,320,900,1080.0,1920.0,,,,,,0
MDew_3840X1080.psd,BACKGROUND,BACKGROUND,-1,-253,-1046,5601,4628,0,3840,1080,1080.0,1920.0,0.0,0.0,1080.0,1920.0,0.0,1
MDew_3840X1080.psd,SKUs,PRODUCT,2,2982,69,615,1815,1,3840,1080,1080.0,1920.0,485.0,656.0,591.0,1673.0,1.0,1
MDew_3840X1080.psd,SKUs,PRODUCT,2,2393,-8,610,1815,2,3840,1080,1080.0,1920.0,485.0,656.0,591.0,1673.0,1.0,1
MDew_3840X1080.psd,COPY,TEXT,2,1,-54,1457,951,3,3840,1080,1080.0,1920.0,57.0,46.0,967.0,696.0,3.0,1
MDew_3840X1080.psd,LOGO,LOGO,0,-99,652,1110,593,4,3840,1080,1080.0,1920.0,,,,,,0
MDew_5760X1080.psd,BACKGROUND,BACKGROUND,-1,0,0,5760,1080,0,5760,1080,1080.0,1920.0,0.0,0.0,1080.0,1920.0,0.0,1
MDew_5760X1080.psd,SKUs,PRODUCT,2,4133,72,621,1834,1,5760,1080,1080.0,1920.0,485.0,656.0,591.0,1673.0,1.0,1
MDew_5760X1080.psd,SKUs,PRODUCT,2,3539,-6,616,1834,2,5760,1080,1080.0,1920.0,485.0,656.0,591.0,1673.0,1.0,1
MDew_5760X1080.psd,LOGO,LOGO,0,4722,754,1036,356,3,5760,1080,1080.0,1920.0,,,,,,0
MDew_5760X1080.psd,COPY,TEXT,2,128,212,1966,677,4,5760,1080,1080.0,1920.0,57.0,46.0,967.0,696.0,3.0,1
MDew_7680X1080.psd,BACKGROUND,BACKGROUND,-1,0,0,7680,1080,0,7680,1080,1080.0,1920.0,0.0,0.0,1080.0,1920.0,0.0,1
MDew_7680X1080.psd,SKUs,PRODUCT,2,5732,68,616,1816,1,7680,1080,1080.0,1920.0,485.0,656.0,591.0,1673.0,1.0,1
MDew_7680X1080.psd,SKUs,PRODUCT,2,5143,-9,610,1816,2,7680,1080,1080.0,1920.0,485.0,656.0,591.0,1673.0,1.0,1
MDew_7680X1080.psd,LOGO,LOGO,0,6548,747,1074,363,3,7680,1080,1080.0,1920.0,,,,,,0
MDew_7680X1080.psd,COPY,TEXT,2,146,130,2440,841,4,7680,1080,1080.0,1920.0,57.0,46.0,967.0,696.0,3.0,1
MDew_960X540.psd,BACKGROUND,BACKGROUND,-1,0,0,960,540,0,960,540,1080.0,1920.0,0.0,0.0,1080.0,1920.0,0.0,1
MDew_960X540.psd,SKUs,PRODUCT,2,719,68,227,669,1,960,540,1080.0,1920.0,485.0,656.0,591.0,1673.0,1.0,1
MDew_960X540.psd,SKUs,PRODUCT,2,521,40,225,669,2,960,540,1080.0,1920.0,485.0,656.0,591.0,1673.0,1.0,1
MDew_960X540.psd,COPY,TEXT,2,-44,-47,600,420,3,960,540,1080.0,1920.0,57.0,46.0,967.0,696.0,3.0,1
MDew_960X540.psd,LOGO,LOGO,0,-194,235,674,515,4,960,540,1080.0,1920.0,,,,,,0
MM_1280X312.psd,BACKGROUND,BACKGROUND,-1,0,0,1280,312,0,1280,312,,,,,,,,0
MM_1280X312.psd,CTA,CTA,3,32,262,122,20,1,1280,312,,,,,,,,0
MM_1280X312.psd,PRICE,PRICE,3,31,98,65,32,2,1280,312,,,,,,,,0
MM_1280X312.psd,COPY,TEXT,2,31,30,222,63,3,1280,312,,,,,,,,0
MM_1280X312.psd,LOGO,LOGO,0,419,78,452,76,4,1280,312,,,,,,,,0
MM_1280X312.psd,SKUs,PRODUCT,2,364,41,877,240,5,1280,312,,,,,,,,0
MM_238X405.psd,BACKGROUND,BACKGROUND,-1,0,0,238,405,0,238,405,,,,,,,,0
MM_238X405.psd,SKUs,PRODUCT,2,-90,176,650,236,1,238,405,,,,,,,,0
MM_238X405.psd,LOGO,LOGO,0,30,137,179,30,2,238,405,,,,,,,,0
MM_238X405.psd,COPY,TEXT,2,32,32,147,68,3,238,405,,,,,,,,0
MM_238X405.psd,CTA,CTA,3,32,108,93,14,4,238,405,,,,,,,,0
MM_640X640.psd,BACKGROUND,BACKGROUND,-1,0,0,640,640,0,640,640,,,,,,,,0
MM_640X640.psd,SKUs,PRODUCT,2,32,286,576,322,1,640,640,,,,,,,,0
MM_640X640.psd,COPY,TEXT,2,31,31,359,72,2,640,640,,,,,,,,0
MM_640X640.psd,CTA,CTA,3,33,135,134,20,3,640,640,,,,,,,,0
MM_640X640.psd,LOGO,LOGO,0,52,365,329,55,4,640,640,,,,,,,,0
PepsiConvention_10464X384.psd,BACKGROUND,BACKGROUND,-1,0,0,10464,384,0,10464,384,,,,,,,,0
PepsiConvention_10464X384.psd,COPY,TEXT,2,1789,108,6892,170,1,10464,384,,,,,,,,0
PepsiConvention_10464X384.psd,LOGO,LOGO,0,9336,0,379,379,2,10464,384,,,,,,,,0
PepsiConvention_10464X384.psd,LOGO,LOGO,0,752,0,379,379,3,10464,384,,,,,,,,0
PepsiConvention_1920X1080.psd,BACKGROUND,BACKGROUND,-1,0,0,1920,1080,0,1920,1080,,,,,,,,0
PepsiConvention_1920X1080.psd,LOGO,LOGO,0,1136,215,617,617,1,1920,1080,,,,,,,,0
PepsiConvention_1920X1080.psd,COPY,TEXT,2,127,307,897,468,2,1920,1080,,,,,,,,0
PepsiConvention_676X1080.psd,BACKGROUND,BACKGROUND,-1,0,0,676,1080,0,676,1080,,,,,,,,0
PepsiConvention_676X1080.psd,COPY,TEXT,2,62,684,551,287,1,676,1080,,,,,,,,0
PepsiConvention_676X1080.psd,LOGO,LOGO,0,137,139,401,401,2,676,1080,,,,,,,,0
Pepsi_1080X1080.psd,BACKGROUND,BACKGROUND,-1,0,0,1080,1080,0,1080,1080,1920.0,1080.0,0.0,0.0,1920.0,1080.0,0.0,1
Pepsi_1080X1080.psd,COPY,TEXT,2,599,131,426,169,1,1080,1080,1920.0,1080.0,1218.0,338.0,614.0,243.0,3.0,1
Pepsi_1080X1080.psd,SKUs,PRODUCT,2,661,356,305,593,2,1080,1080,1920.0,1080.0,773.0,210.0,373.0,725.0,2.0,1
Pepsi_1080X1080.psd,LOGO,LOGO,0,27,337,482,436,3,1080,1080,1920.0,1080.0,79.0,393.0,656.0,295.0,1.0,1
Pepsi_1200X628.psd,BACKGROUND,BACKGROUND,-1,0,0,1200,628,0,1200,628,1920.0,1080.0,0.0,0.0,1920.0,1080.0,0.0,1
Pepsi_1200X628.psd,COPY,TEXT,2,734,62,342,134,1,1200,628,1920.0,1080.0,1218.0,338.0,614.0,243.0,3.0,1
Pepsi_1200X628.psd,SKUs,PRODUCT,2,812,231,185,360,2,1200,628,1920.0,1080.0,773.0,210.0,373.0,725.0,2.0,1
Pepsi_1200X628.psd,LOGO,LOGO,0,76,124,452,408,3,1200,628,1920.0,1080.0,79.0,393.0,656.0,295.0,1.0,1
Pepsi_160X600.psd,BACKGROUND,BACKGROUND,-1,0,0,160,600,0,160,600,1920.0,1080.0,0.0,0.0,1920.0,1080.0,0.0,1
Pepsi_160X600.psd,COPY,TEXT,2,12,396,135,91,1,160,600,1920.0,1080.0,1218.0,338.0,614.0,243.0,3.0,1
Pepsi_160X600.psd,SKUs,PRODUCT,2,34,183,93,180,2,160,600,1920.0,1080.0,773.0,210.0,373.0,725.0,2.0,1
Pepsi_160X600.psd,CTA,CTA,3,14,521,131,31,3,160,600,1920.0,1080.0,1218.0,638.0,603.0,150.0,4.0,1
Pepsi_160X600.psd,LOGO,LOGO,0,9,75,142,86,4,160,600,1920.0,1080.0,79.0,393.0,656.0,295.0,1.0,1
Pepsi_300X250.psd,BACKGROUND,BACKGROUND,-1,0,0,300,250,0,300,250,1920.0,1080.0,0.0,0.0,1920.0,1080.0,0.0,1
Pepsi_300X250.psd,SKUs,PRODUCT,2,197,78,56,111,1,300,250,1920.0,1080.0,773.0,210.0,373.0,725.0,2.0,1
Pepsi_300X250.psd,CTA,CTA,3,175,202,100,24,2,300,250,1920.0,1080.0,1218.0,638.0,603.0,150.0,4.0,1
Pepsi_300X250.psd,LOGO,LOGO,0,12,72,126,133,3,300,250,1920.0,1080.0,79.0,393.0,656.0,295.0,1.0,1
Pepsi_300X250.psd,COPY,TEXT,2,176,26,98,40,4,300,250,1920.0,1080.0,1218.0,338.0,614.0,243.0,3.0,1
Pepsi_300X50.psd,BACKGROUND,BACKGROUND,-1,0,0,300,50,0,300,50,1920.0,1080.0,0.0,0.0,1920.0,1080.0,0.0,1
Pepsi_300X50.psd,CTA,CTA,3,225,17,67,16,1,300,50,1920.0,1080.0,1218.0,638.0,603.0,150.0,4.0,1
Pepsi_300X50.psd,COPY,TEXT,2,141,11,74,31,2,300,50,1920.0,1080.0,1218.0,338.0,614.0,243.0,3.0,1
Pepsi_300X50.psd,LOGO,LOGO,0,9,3,122,45,3,300,50,1920.0,1080.0,79.0,393.0,656.0,295.0,1.0,1
Pepsi_300X600.psd,BACKGROUND,BACKGROUND,-1,0,0,300,600,0,300,600,1920.0,1080.0,0.0,0.0,1920.0,1080.0,0.0,1
Pepsi_300X600.psd,COPY,TEXT,2,24,361,253,101,1,300,600,1920.0,1080.0,1218.0,338.0,614.0,243.0,3.0,1
Pepsi_300X600.psd,CTA,CTA,3,51,491,198,47,2,300,600,1920.0,1080.0,1218.0,638.0,603.0,150.0,4.0,1
Pepsi_300X600.psd,LOGO,LOGO,0,34,50,235,226,3,300,600,1920.0,1080.0,79.0,393.0,656.0,295.0,1.0,1
Pepsi_320X50.psd,BACKGROUND,BACKGROUND,-1,0,0,320,50,0,320,50,1920.0,1080.0,0.0,0.0,1920.0,1080.0,0.0,1
Pepsi_320X50.psd,COPY,TEXT,2,146,10,82,33,1,320,50,1920.0,1080.0,1218.0,338.0,614.0,243.0,3.0,1
Pepsi_320X50.psd,CTA,CTA,3,236,17,76,18,2,320,50,1920.0,1080.0,1218.0,638.0,603.0,150.0,4.0,1
Pepsi_320X50.psd,LOGO,LOGO,0,10,3,128,46,3,320,50,1920.0,1080.0,79.0,393.0,656.0,295.0,1.0,1
Pepsi_720X1280.psd,BACKGROUND,BACKGROUND,-1,0,0,720,1280,0,720,1280,1920.0,1080.0,0.0,0.0,1920.0,1080.0,0.0,1
Pepsi_720X1280.psd,COPY,TEXT,2,62,931,597,237,1,720,1280,1920.0,1080.0,1218.0,338.0,614.0,243.0,3.0,1
Pepsi_720X1280.psd,SKUs,PRODUCT,2,240,402,242,469,2,720,1280,1920.0,1080.0,773.0,210.0,373.0,725.0,2.0,1
Pepsi_720X1280.psd,LOGO,LOGO,0,116,147,491,225,3,720,1280,1920.0,1080.0,79.0,393.0,656.0,295.0,1.0,1
Pepsi_728X90.psd,BACKGROUND,BACKGROUND,-1,0,0,728,90,0,728,90,1920.0,1080.0,0.0,0.0,1920.0,1080.0,0.0,1
Pepsi_728X90.psd,COPY,TEXT,2,337,11,172,69,1,728,90,1920.0,1080.0,1218.0,338.0,614.0,243.0,3.0,1
Pepsi_728X90.psd,CTA,CTA,3,537,24,178,42,2,728,90,1920.0,1080.0,1218.0,638.0,603.0,150.0,4.0,1
Pepsi_728X90.psd,LOGO,LOGO,0,49,-3,241,100,3,728,90,1920.0,1080.0,79.0,393.0,656.0,295.0,1.0,1
Pepsi_800X418.psd,BACKGROUND,BACKGROUND,-1,0,0,800,418,0,800,418,1920.0,1080.0,0.0,0.0,1920.0,1080.0,0.0,1
Pepsi_800X418.psd,COPY,TEXT,2,463,27,270,107,1,800,418,1920.0,1080.0,1218.0,338.0,614.0,243.0,3.0,1
Pepsi_800X418.psd,SKUs,PRODUCT,2,538,158,122,237,2,800,418,1920.0,1080.0,773.0,210.0,373.0,725.0,2.0,1
Pepsi_800X418.psd,LOGO,LOGO,0,42,76,317,296,3,800,418,1920.0,1080.0,79.0,393.0,656.0,295.0,1.0,1
PropelV1_1280X160.psd,BACKGROUND,BACKGROUND,-1,0,0,1280,160,0,1280,160,,,,,,,,0
PropelV1_1280X160.psd,SKUs,PRODUCT,2,403,-97,319,357,1,1280,160,,,,,,,,0
PropelV1_1280X160.psd,CTA,CTA,3,31,124,118,19,2,1280,160,,,,,,,,0
PropelV1_1280X160.psd,LEGAL,LEGAL,3,756,136,312,10,3,1280,160,,,,,,,,0
PropelV1_1280X160.psd,SUB HEADING,TEXT,2,754,88,369,28,4,1280,160,,,,,,,,0
PropelV1_1280X160.psd,COPY,TEXT,2,32,48,330,66,5,1280,160,,,,,,,,0
PropelV1_1280X160.psd,COPY,TEXT,2,754,17,290,66,6,1280,160,,,,,,,,0
PropelV1_1280X160.psd,PRICE,PRICE,3,640,69,88,89,7,1280,160,,,,,,,,0
PropelV1_624X1420.psd,BACKGROUND,BACKGROUND,-1,0,0,624,1420,0,624,1420,,,,,,,,0
PropelV1_624X1420.psd,SKUs,PRODUCT,2,9,669,606,678,1,624,1420,,,,,,,,0
PropelV1_624X1420.psd,SUB HEADING,TEXT,2,31,517,506,39,2,624,1420,,,,,,,,0
PropelV1_624X1420.psd,SUB HEADING,TEXT,2,31,434,351,68,3,624,1420,,,,,,,,0
PropelV1_624X1420.psd,LEGAL,LEGAL,3,30,1375,375,13,4,624,1420,,,,,,,,0
PropelV1_624X1420.psd,COPY,TEXT,2,32,190,298,223,5,624,1420,,,,,,,,0
PropelV1_624X1420.psd,PRICE,PRICE,3,408,581,180,180,6,624,1420,,,,,,,,0
PropelV1_640X160.psd,BACKGROUND,BACKGROUND,-1,0,0,640,160,0,640,160,,,,,,,,0
PropelV1_640X160.psd,SKUs,PRODUCT,2,283,12,124,139,1,640,160,,,,,,,,0
PropelV1_640X160.psd,COPY,TEXT,2,31,32,237,52,2,640,160,,,,,,,,0
PropelV1_640X160.psd,SUB HEADING,TEXT,2,421,88,181,14,3,640,160,,,,,,,,0
PropelV1_640X160.psd,LEGAL,LEGAL,3,421,145,184,7,4,640,160,,,,,,,,0
PropelV1_640X160.psd,COPY,TEXT,2,421,37,187,43,5,640,160,,,,,,,,0
PropelV1_640X160.psd,PRICE,PRICE,3,366,94,53,54,6,640,160,,,,,,,,0
PropelV1_716X496.psd,BACKGROUND,BACKGROUND,-1,0,0,1152,560,0,1152,560,,,,,,,,0
PropelV1_716X496.psd,BACKGROUND,BACKGROUND,-1,404,32,716,496,1,1152,560,,,,,,,,0
PropelV1_716X496.psd,SUB HEADING,TEXT,2,433,358,242,66,2,1152,560,,,,,,,,0
PropelV1_716X496.psd,SKUs,PRODUCT,2,716,69,372,416,3,1152,560,,,,,,,,0
PropelV1_716X496.psd,COPY,TEXT,2,30,165,333,67,4,1152,560,,,,,,,,0
PropelV1_716X496.psd,LEGAL,LEGAL,3,430,503,375,13,5,1152,560,,,,,,,,0
PropelV1_716X496.psd,CTA,CTA,3,30,262,128,23,6,1152,560,,,,,,,,0
PropelV1_716X496.psd,COPY,TEXT,2,431,181,218,163,7,1152,560,,,,,,,,0
PropelV1_716X496.psd,PRICE,PRICE,3,992,108,116,116,8,1152,560,,,,,,,,0
PropelV1_884X248.psd,BACKGROUND,BACKGROUND,-1,0,0,1280,312,0,1280,312,,,,,,,,0
PropelV1_884X248.psd,BACKGROUND,BACKGROUND,-1,364,32,884,248,1,1280,312,,,,,,,,0
PropelV1_884X248.psd,SKUs,PRODUCT,2,407,37,326,366,2,1280,312,,,,,,,,0
PropelV1_884X248.psd,CTA,CTA,3,32,260,122,21,3,1280,312,,,,,,,,0
PropelV1_884X248.psd,LEGAL,LEGAL,3,768,260,375,13,4,1280,312,,,,,,,,0
PropelV1_884X248.psd,COPY,TEXT,2,31,32,285,62,5,1280,312,,,,,,,,0
PropelV1_884X248.psd,SUB HEADING,TEXT,2,767,204,369,28,6,1280,312,,,,,,,,0
PropelV1_884X248.psd,COPY,TEXT,2,767,97,417,94,7,1280,312,,,,,,,,0
PropelV1_884X248.psd,PRICE,PRICE,3,635,160,110,109,8,1280,312,,,,,,,,0
PropelV2_1152X560.psd,BACKGROUND,BACKGROUND,-1,0,0,1152,560,0,1152,560,1920.0,1080.0,0.0,0.0,1920.0,1080.0,0.0,1
PropelV2_1152X560.psd,BACKGROUND,BACKGROUND,-1,404,32,716,496,1,1152,560,1920.0,1080.0,0.0,0.0,1920.0,1080.0,0.0,1
PropelV2_1152X560.psd,SKUs,PRODUCT,2,684,157,440,288,2,1152,560,1920.0,1080.0,61.0,306.0,872.0,573.0,3.0,1
PropelV2_1152X560.psd,PRICE,PRICE,3,980,111,118,118,3,1152,560,1920.0,1080.0,627.0,200.0,212.0,212.0,4.0,1
PropelV2_1152X560.psd,SUB HEADING,TEXT,2,30,277,244,75,4,1152,560,1920.0,1080.0,970.0,404.0,374.0,278.0,1.0,1
PropelV2_1152X560.psd,COPY,TEXT,2,27,165,349,90,5,1152,560,1920.0,1080.0,970.0,404.0,374.0,278.0,1.0,1
PropelV2_1152X560.psd,LEGAL,LEGAL,3,444,502,234,13,6,1152,560,1920.0,1080.0,,,,,,0
PropelV2_1152X560.psd,COPY,TEXT,2,444,232,245,176,7,1152,560,1920.0,1080.0,970.0,404.0,374.0,278.0,1.0,1
PropelV2_1152X560.psd,CTA,CTA,3,32,485,181,28,8,1152,560,1920.0,1080.0,,,,,,0
PropelV2_1280X160.psd,BACKGROUND,BACKGROUND,-1,0,0,1280,160,0,1280,160,1920.0,1080.0,0.0,0.0,1920.0,1080.0,0.0,1
PropelV2_1280X160.psd,PRICE,PRICE,3,1028,56,97,97,1,1280,160,1920.0,1080.0,627.0,200.0,212.0,212.0,4.0,1
PropelV2_1280X160.psd,CTA,CTA,3,31,107,118,19,2,1280,160,1920.0,1080.0,,,,,,0
PropelV2_1280X160.psd,SUB HEADING,TEXT,2,31,83,243,19,3,1280,160,1920.0,1080.0,970.0,404.0,374.0,278.0,1.0,1
PropelV2_1280X160.psd,COPY,TEXT,2,32,48,425,29,4,1280,160,1920.0,1080.0,970.0,404.0,374.0,278.0,1.0,1
PropelV2_1280X160.psd,LEGAL,LEGAL,3,31,134,225,13,5,1280,160,1920.0,1080.0,,,,,,0
PropelV2_1280X160.psd,COPY,TEXT,2,766,76,227,71,6,1280,160,1920.0,1080.0,970.0,404.0,374.0,278.0,1.0,1
PropelV2_1280X160.psd,SKUs,PRODUCT,2,459,4,309,203,7,1280,160,1920.0,1080.0,61.0,306.0,872.0,573.0,3.0,1
PropelV2_238X405.psd,BACKGROUND,BACKGROUND,-1,0,0,238,405,0,238,405,1920.0,1080.0,0.0,0.0,1920.0,1080.0,0.0,1
PropelV2_238X405.psd,SKUs,PRODUCT,2,8,217,222,146,1,238,405,1920.0,1080.0,61.0,306.0,872.0,573.0,3.0,1
PropelV2_238X405.psd,PRICE,PRICE,3,152,190,54,54,2,238,405,1920.0,1080.0,627.0,200.0,212.0,212.0,4.0,1
PropelV2_238X405.psd,LEGAL,LEGAL,3,16,372,131,27,3,238,405,1920.0,1080.0,,,,,,0
PropelV2_238X405.psd,COPY,TEXT,2,31,96,176,53,4,238,405,1920.0,1080.0,970.0,404.0,374.0,278.0,1.0,1
PropelV2_238X405.psd,SUB HEADING,TEXT,2,32,161,130,42,5,238,405,1920.0,1080.0,970.0,404.0,374.0,278.0,1.0,1
PropelV2_624X1420.psd,BACKGROUND,BACKGROUND,-1,0,0,624,1420,0,624,1420,1920.0,1080.0,0.0,0.0,1920.0,1080.0,0.0,1
PropelV2_624X1420.psd,SKUs,PRODUCT,2,-14,866,651,428,1,624,1420,1920.0,1080.0,61.0,306.0,872.0,573.0,3.0,1
PropelV2_624X1420.psd,PRICE,PRICE,3,421,658,178,178,2,624,1420,1920.0,1080.0,627.0,200.0,212.0,212.0,4.0,1
PropelV2_624X1420.psd,LEGAL,LEGAL,3,24,1386,234,13,3,624,1420,1920.0,1080.0,,,,,,0
PropelV2_624X1420.psd,COPY,TEXT,2,27,267,541,165,4,624,1420,1920.0,1080.0,970.0,404.0,374.0,278.0,1.0,1
PropelV2_624X1420.psd,SUB HEADING,TEXT,2,32,471,445,142,5,624,1420,1920.0,1080.0,970.0,404.0,374.0,278.0,1.0,1
PropelV2_640X160.psd,BACKGROUND,BACKGROUND,-1,0,0,640,160,0,640,160,1920.0,1080.0,0.0,0.0,1920.0,1080.0,0.0,1
PropelV2_640X160.psd,SKUs,PRODUCT,2,281,36,136,89,1,640,160,1920.0,1080.0,61.0,306.0,872.0,573.0,3.0,1
PropelV2_640X160.psd,PRICE,PRICE,3,547,32,61,61,2,640,160,1920.0,1080.0,627.0,200.0,212.0,212.0,4.0,1
PropelV2_640X160.psd,COPY,TEXT,2,421,67,143,44,3,640,160,1920.0,1080.0,970.0,404.0,374.0,278.0,1.0,1
PropelV2_640X160.psd,LEGAL,LEGAL,3,31,134,226,13,4,640,160,1920.0,1080.0,,,,,,0
PropelV2_640X160.psd,COPY,TEXT,2,30,32,239,54,5,640,160,1920.0,1080.0,970.0,404.0,374.0,278.0,1.0,1
PropelV2_640X160.psd,SUB HEADING,TEXT,2,30,95,244,19,6,640,160,1920.0,1080.0,970.0,404.0,374.0,278.0,1.0,1
PropelV2_884X248.psd,BACKGROUND,BACKGROUND,-1,0,0,1280,312,0,1280,312,1920.0,1080.0,0.0,0.0,1920.0,1080.0,0.0,1
PropelV2_884X248.psd,BACKGROUND,BACKGROUND,-1,364,32,884,248,1,1280,312,1920.0,1080.0,0.0,0.0,1920.0,1080.0,0.0,1
PropelV2_884X248.psd,SKUs,PRODUCT,2,364,54,389,255,2,1280,312,1920.0,1080.0,61.0,306.0,872.0,573.0,3.0,1
PropelV2_884X248.psd,PRICE,PRICE,3,1102,55,123,123,3,1280,312,1920.0,1080.0,627.0,200.0,212.0,212.0,4.0,1
PropelV2_884X248.psd,CTA,CTA,3,32,260,128,21,4,1280,312,1920.0,1080.0,,,,,,0
PropelV2_884X248.psd,SUB HEADING,TEXT,2,31,120,188,16,5,1280,312,1920.0,1080.0,970.0,404.0,374.0,278.0,1.0,1
PropelV2_884X248.psd,COPY,TEXT,2,30,32,237,64,6,1280,312,1920.0,1080.0,970.0,404.0,374.0,278.0,1.0,1
PropelV2_884X248.psd,LEGAL,LEGAL,3,755,248,234,13,7,1280,312,1920.0,1080.0,,,,,,0
PropelV2_884X248.psd,COPY,TEXT,2,756,115,386,119,8,1280,312,1920.0,1080.0,970.0,404.0,374.0,278.0,1.0,1
PropelV3_1280X160.psd,BACKGROUND,BACKGROUND,-1,0,0,1280,160,0,1280,160,1920.0,1080.0,0.0,0.0,1920.0,1080.0,0.0,1
PropelV3_1280X160.psd,SKUs,PRODUCT,2,310,-64,467,350,1,1280,160,1920.0,1080.0,-62.0,213.0,1060.0,801.0,3.0,1
PropelV3_1280X160.psd,CTA,CTA,3,31,117,121,19,2,1280,160,1920.0,1080.0,,,,,,0
PropelV3_1280X160.psd,LEGAL,LEGAL,3,31,141,225,13,3,1280,160,1920.0,1080.0,,,,,,0
PropelV3_1280X160.psd,COPY,TEXT,2,31,47,324,67,4,1280,160,1920.0,1080.0,970.0,404.0,374.0,278.0,1.0,1
PropelV3_1280X160.psd,PRICE,PRICE,3,1081,48,107,107,5,1280,160,1920.0,1080.0,705.0,232.0,207.0,213.0,4.0,1
PropelV3_1280X160.psd,COPY,TEXT,2,730,65,303,76,6,1280,160,1920.0,1080.0,970.0,404.0,374.0,278.0,1.0,1
PropelV3_238X405.psd,BACKGROUND,BACKGROUND,-1,0,0,238,405,0,238,405,1920.0,1080.0,0.0,0.0,1920.0,1080.0,0.0,1
PropelV3_238X405.psd,SKUs,PRODUCT,2,-18,195,274,207,1,238,405,1920.0,1080.0,-62.0,213.0,1060.0,801.0,3.0,1
PropelV3_238X405.psd,PRICE,PRICE,3,161,174,54,55,2,238,405,1920.0,1080.0,705.0,232.0,207.0,213.0,4.0,1
PropelV3_238X405.psd,LEGAL,LEGAL,3,16,378,112,22,3,238,405,1920.0,1080.0,,,,,,0
PropelV3_238X405.psd,SUB HEADING,TEXT,2,32,145,165,12,4,238,405,1920.0,1080.0,970.0,404.0,374.0,278.0,1.0,1
PropelV3_238X405.psd,COPY,TEXT,2,32,72,163,66,5,238,405,1920.0,1080.0,970.0,404.0,374.0,278.0,1.0,1
PropelV3_576X360.psd,BACKGROUND,BACKGROUND,-1,0,0,640,640,0,640,640,1920.0,1080.0,0.0,0.0,1920.0,1080.0,0.0,1
PropelV3_576X360.psd,BACKGROUND,BACKGROUND,-1,32,248,576,360,1,640,640,1920.0,1080.0,0.0,0.0,1920.0,1080.0,0.0,1
PropelV3_576X360.psd,SKUs,PRODUCT,2,208,297,438,330,2,640,640,1920.0,1080.0,-62.0,213.0,1060.0,801.0,3.0,1
PropelV3_576X360.psd,PRICE,PRICE,3,260,280,84,85,3,640,640,1920.0,1080.0,705.0,232.0,207.0,213.0,4.0,1
PropelV3_576X360.psd,COPY,TEXT,2,49,358,210,150,4,640,640,1920.0,1080.0,970.0,404.0,374.0,278.0,1.0,1
PropelV3_576X360.psd,CTA,CTA,3,31,177,128,20,5,640,640,1920.0,1080.0,,,,,,0
PropelV3_576X360.psd,LEGAL,LEGAL,3,48,574,234,13,6,640,640,1920.0,1080.0,,,,,,0
PropelV3_576X360.psd,COPY,TEXT,2,31,31,320,68,7,640,640,1920.0,1080.0,970.0,404.0,374.0,278.0,1.0,1
PropelV3_624X1420.psd,BACKGROUND,BACKGROUND,-1,0,0,624,1420,0,624,1420,1920.0,1080.0,0.0,0.0,1920.0,1080.0,0.0,1
PropelV3_624X1420.psd,SKUs,PRODUCT,2,-84,790,792,597,1,624,1420,1920.0,1080.0,-62.0,213.0,1060.0,801.0,3.0,1
PropelV3_624X1420.psd,SUB HEADING,TEXT,2,31,450,524,36,2,624,1420,1920.0,1080.0,970.0,404.0,374.0,278.0,1.0,1
PropelV3_624X1420.psd,COPY,TEXT,2,32,194,518,209,3,624,1420,1920.0,1080.0,970.0,404.0,374.0,278.0,1.0,1
PropelV3_624X1420.psd,PRICE,PRICE,3,421,600,165,165,4,624,1420,1920.0,1080.0,705.0,232.0,207.0,213.0,4.0,1
PropelV3_624X1420.psd,LEGAL,LEGAL,3,46,1374,234,13,5,624,1420,1920.0,1080.0,,,,,,0
PropelV3_640X160.psd,BACKGROUND,BACKGROUND,-1,0,-1,640,161,0,640,160,1920.0,1080.0,0.0,0.0,1920.0,1080.0,0.0,1
PropelV3_640X160.psd,SKUs,PRODUCT,2,221,20,205,154,1,640,160,1920.0,1080.0,-62.0,213.0,1060.0,801.0,3.0,1
PropelV3_640X160.psd,PRICE,PRICE,3,546,33,62,62,2,640,160,1920.0,1080.0,705.0,232.0,207.0,213.0,4.0,1
PropelV3_640X160.psd,COPY,TEXT,2,413,79,147,37,3,640,160,1920.0,1080.0,970.0,404.0,374.0,278.0,1.0,1
PropelV3_640X160.psd,LEGAL,LEGAL,3,31,124,132,27,4,640,160,1920.0,1080.0,,,,,,0
PropelV3_640X160.psd,COPY,TEXT,2,32,31,208,25,5,640,160,1920.0,1080.0,970.0,404.0,374.0,278.0,1.0,1
PropelV3_640X160.psd,SUB HEADING,TEXT,2,30,62,133,43,6,640,160,1920.0,1080.0,970.0,404.0,374.0,278.0,1.0,1
PropelV3_716X496.psd,BACKGROUND,BACKGROUND,-1,0,0,1152,560,0,1152,560,1920.0,1080.0,0.0,0.0,1920.0,1080.0,0.0,1
PropelV3_716X496.psd,BACKGROUND,BACKGROUND,-1,404,32,716,496,1,1152,560,1920.0,1080.0,0.0,0.0,1920.0,1080.0,0.0,1
PropelV3_716X496.psd,SKUs,PRODUCT,2,636,134,544,410,2,1152,560,1920.0,1080.0,-62.0,213.0,1060.0,801.0,3.0,1
PropelV3_716X496.psd,PRICE,PRICE,3,973,105,115,116,3,1152,560,1920.0,1080.0,705.0,232.0,207.0,213.0,4.0,1
PropelV3_716X496.psd,LEGAL,LEGAL,3,430,488,234,13,4,1152,560,1920.0,1080.0,,,,,,0
PropelV3_716X496.psd,COPY,TEXT,2,31,164,342,76,5,1152,560,1920.0,1080.0,970.0,404.0,374.0,278.0,1.0,1
PropelV3_716X496.psd,COPY,TEXT,2,427,187,265,188,6,1152,560,1920.0,1080.0,970.0,404.0,374.0,278.0,1.0,1
PropelV3_716X496.psd,CTA,CTA,3,32,485,181,28,7,1152,560,1920.0,1080.0,,,,,,0
PropelV3_884X248.psd,BACKGROUND,BACKGROUND,-1,0,0,1280,312,0,1280,312,1920.0,1080.0,0.0,0.0,1920.0,1080.0,0.0,1
PropelV3_884X248.psd,BACKGROUND,BACKGROUND,-1,364,32,884,248,1,1280,312,1920.0,1080.0,0.0,0.0,1920.0,1080.0,0.0,1
PropelV3_884X248.psd,SKUs,PRODUCT,2,792,46,476,359,2,1280,312,1920.0,1080.0,-62.0,213.0,1060.0,801.0,3.0,1
PropelV3_884X248.psd,PRICE,PRICE,3,792,48,113,113,3,1280,312,1920.0,1080.0,705.0,232.0,207.0,213.0,4.0,1
PropelV3_884X248.psd,CTA,CTA,3,32,260,131,21,4,1280,312,1920.0,1080.0,,,,,,0
PropelV3_884X248.psd,COPY,TEXT,2,31,31,281,63,5,1280,312,1920.0,1080.0,970.0,404.0,374.0,278.0,1.0,1
PropelV3_884X248.psd,COPY,TEXT,2,388,101,427,107,6,1280,312,1920.0,1080.0,970.0,404.0,374.0,278.0,1.0,1
PropelV3_884X248.psd,LEGAL,LEGAL,3,393,257,234,13,7,1280,312,1920.0,1080.0,,,,,,0
Propel_1280X160.psd,BACKGROUND,BACKGROUND,-1,0,0,1280,160,0,1280,160,1920.0,1080.0,0.0,0.0,1920.0,1080.0,0.0,1
Propel_1280X160.psd,SKUs,PRODUCT,2,403,-97,319,357,1,1280,160,1920.0,1080.0,127.0,151.0,697.0,780.0,3.0,1
Propel_1280X160.psd,CTA,CTA,3,31,124,118,19,2,1280,160,1920.0,1080.0,,,,,,0
Propel_1280X160.psd,LEGAL,LEGAL,3,756,136,312,10,3,1280,160,1920.0,1080.0,,,,,,0
Propel_1280X160.psd,SUB HEADING,TEXT,2,754,88,369,28,4,1280,160,1920.0,1080.0,862.0,385.0,419.0,312.0,1.0,1
Propel_1280X160.psd,COPY,TEXT,2,32,48,330,66,5,1280,160,1920.0,1080.0,862.0,385.0,419.0,312.0,1.0,1
Propel_1280X160.psd,COPY,TEXT,2,754,17,290,66,6,1280,160,1920.0,1080.0,862.0,385.0,419.0,312.0,1.0,1
Propel_624X1420.psd,BACKGROUND,BACKGROUND,-1,0,0,624,1420,0,624,1420,1920.0,1080.0,0.0,0.0,1920.0,1080.0,0.0,1
Propel_624X1420.psd,SKUs,PRODUCT,2,9,669,606,678,1,624,1420,1920.0,1080.0,127.0,151.0,697.0,780.0,3.0,1
Propel_624X1420.psd,SUB HEADING,TEXT,2,31,517,506,39,2,624,1420,1920.0,1080.0,862.0,385.0,419.0,312.0,1.0,1
Propel_624X1420.psd,SUB HEADING,TEXT,2,31,434,351,68,3,624,1420,1920.0,1080.0,862.0,385.0,419.0,312.0,1.0,1
Propel_624X1420.psd,LEGAL,LEGAL,3,30,1375,375,13,4,624,1420,1920.0,1080.0,,,,,,0
Propel_624X1420.psd,COPY,TEXT,2,32,190,298,223,5,624,1420,1920.0,1080.0,862.0,385.0,419.0,312.0,1.0,1
Propel_640X160.psd,BACKGROUND,BACKGROUND,-1,0,0,640,160,0,640,160,1920.0,1080.0,0.0,0.0,1920.0,1080.0,0.0,1
Propel_640X160.psd,SKUs,PRODUCT,2,283,12,124,139,1,640,160,1920.0,1080.0,127.0,151.0,697.0,780.0,3.0,1
Propel_640X160.psd,COPY,TEXT,2,31,32,237,52,2,640,160,1920.0,1080.0,862.0,385.0,419.0,312.0,1.0,1
Propel_640X160.psd,SUB HEADING,TEXT,2,421,88,181,14,3,640,160,1920.0,1080.0,862.0,385.0,419.0,312.0,1.0,1
Propel_640X160.psd,LEGAL,LEGAL,3,421,145,184,7,4,640,160,1920.0,1080.0,,,,,,0
Propel_640X160.psd,COPY,TEXT,2,421,37,187,43,5,640,160,1920.0,1080.0,862.0,385.0,419.0,312.0,1.0,1
Propel_716X496.psd,BACKGROUND,BACKGROUND,-1,0,0,1152,560,0,1152,560,1920.0,1080.0,0.0,0.0,1920.0,1080.0,0.0,1
Propel_716X496.psd,BACKGROUND,BACKGROUND,-1,404,32,716,496,1,1152,560,1920.0,1080.0,0.0,0.0,1920.0,1080.0,0.0,1
Propel_716X496.psd,SUB HEADING,TEXT,2,433,358,242,66,2,1152,560,1920.0,1080.0,862.0,385.0,419.0,312.0,1.0,1
Propel_716X496.psd,SKUs,PRODUCT,2,716,69,372,416,3,1152,560,1920.0,1080.0,127.0,151.0,697.0,780.0,3.0,1
Propel_716X496.psd,COPY,TEXT,2,30,165,333,67,4,1152,560,1920.0,1080.0,862.0,385.0,419.0,312.0,1.0,1
Propel_716X496.psd,LEGAL,LEGAL,3,430,503,375,13,5,1152,560,1920.0,1080.0,,,,,,0
Propel_716X496.psd,CTA,CTA,3,30,262,128,23,6,1152,560,1920.0,1080.0,,,,,,0
Propel_716X496.psd,COPY,TEXT,2,431,181,218,163,7,1152,560,1920.0,1080.0,862.0,385.0,419.0,312.0,1.0,1
Propel_884X248.psd,BACKGROUND,BACKGROUND,-1,0,0,1280,312,0,1280,312,1920.0,1080.0,0.0,0.0,1920.0,1080.0,0.0,1
Propel_884X248.psd,BACKGROUND,BACKGROUND,-1,364,32,884,248,1,1280,312,1920.0,1080.0,0.0,0.0,1920.0,1080.0,0.0,1
Propel_884X248.psd,SKUs,PRODUCT,2,407,37,326,366,2,1280,312,1920.0,1080.0,127.0,151.0,697.0,780.0,3.0,1
Propel_884X248.psd,CTA,CTA,3,32,260,122,21,3,1280,312,1920.0,1080.0,,,,,,0
Propel_884X248.psd,LEGAL,LEGAL,3,768,260,375,13,4,1280,312,1920.0,1080.0,,,,,,0
Propel_884X248.psd,COPY,TEXT,2,31,32,285,62,5,1280,312,1920.0,1080.0,862.0,385.0,419.0,312.0,1.0,1
Propel_884X248.psd,SUB HEADING,TEXT,2,767,204,369,28,6,1280,312,1920.0,1080.0,862.0,385.0,419.0,312.0,1.0,1
Propel_884X248.psd,COPY,TEXT,2,767,97,417,94,7,1280,312,1920.0,1080.0,862.0,385.0,419.0,312.0,1.0,1
Propel_EB_1280X160.psd,BACKGROUND,BACKGROUND,-1,-8,-350,1293,862,0,1280,160,1920.0,1080.0,0.0,0.0,1920.0,1080.0,0.0,1
Propel_EB_1280X160.psd,SKUs,PRODUCT,2,448,-223,223,648,1,1280,160,1920.0,1080.0,82.0,41.0,376.0,1003.0,1.0,1
Propel_EB_1280X160.psd,CTA,CTA,3,31,124,118,19,2,1280,160,1920.0,1080.0,,,,,,0
Propel_EB_1280X160.psd,COPY,TEXT,2,32,48,330,66,3,1280,160,1920.0,1080.0,545.0,338.0,550.0,410.0,2.0,1
Propel_EB_1280X160.psd,SUB HEADING,TEXT,2,754,88,369,28,4,1280,160,1920.0,1080.0,545.0,338.0,550.0,410.0,2.0,1
Propel_EB_1280X160.psd,LOGO,LOGO,0,756,136,312,10,5,1280,160,1920.0,1080.0,,,,,,0
Propel_EB_1280X160.psd,COPY,TEXT,2,754,17,290,66,6,1280,160,1920.0,1080.0,545.0,338.0,550.0,410.0,2.0,1
Propel_EB_1440X1440.psd,BACKGROUND,BACKGROUND,-1,0,0,1440,1440,0,1440,1440,1920.0,1080.0,0.0,0.0,1920.0,1080.0,0.0,1
Propel_EB_1440X1440.psd,SKUs,PRODUCT,2,638,125,684,1816,1,1440,1440,1920.0,1080.0,82.0,41.0,376.0,1003.0,1.0,1
Propel_EB_1440X1440.psd,COPY,TEXT,2,70,149,656,489,2,1440,1440,1920.0,1080.0,545.0,338.0,550.0,410.0,2.0,1
Propel_EB_1440X1440.psd,SUB HEADING,TEXT,2,74,762,651,119,3,1440,1440,1920.0,1080.0,545.0,338.0,550.0,410.0,2.0,1
Propel_EB_238X405.psd,BACKGROUND,BACKGROUND,-1,0,0,238,405,0,238,405,1920.0,1080.0,0.0,0.0,1920.0,1080.0,0.0,1
Propel_EB_238X405.psd,SKUs,PRODUCT,2,73,180,132,351,1,238,405,1920.0,1080.0,82.0,41.0,376.0,1003.0,1.0,1
Propel_EB_238X405.psd,SUB HEADING,TEXT,2,30,162,187,15,2,238,405,1920.0,1080.0,545.0,338.0,550.0,410.0,2.0,1
Propel_EB_238X405.psd,SUB HEADING,TEXT,2,31,132,130,25,3,238,405,1920.0,1080.0,545.0,338.0,550.0,410.0,2.0,1
Propel_EB_238X405.psd,COPY,TEXT,2,31,41,110,83,4,238,405,1920.0,1080.0,545.0,338.0,550.0,410.0,2.0,1
Propel_EB_238X405.psd,LEGAL,LEGAL,3,31,389,193,7,5,238,405,1920.0,1080.0,,,,,,0
Propel_EB_576X360.psd,BACKGROUND,BACKGROUND,-1,0,0,640,640,0,640,640,1920.0,1080.0,0.0,0.0,1920.0,1080.0,0.0,1
Propel_EB_576X360.psd,BACKGROUND,BACKGROUND,-1,32,248,576,360,1,640,640,1920.0,1080.0,0.0,0.0,1920.0,1080.0,0.0,1
Propel_EB_576X360.psd,SKUs,PRODUCT,2,381,271,187,495,2,640,640,1920.0,1080.0,82.0,41.0,376.0,1003.0,1.0,1
Propel_EB_576X360.psd,SUB HEADING,TEXT,2,46,474,330,25,3,640,640,1920.0,1080.0,545.0,338.0,550.0,410.0,2.0,1
Propel_EB_576X360.psd,LEGAL,LEGAL,3,46,583,335,12,4,640,640,1920.0,1080.0,,,,,,0
Propel_EB_576X360.psd,COPY,TEXT,2,45,315,195,146,5,640,640,1920.0,1080.0,545.0,338.0,550.0,410.0,2.0,1
Propel_EB_576X360.psd,CTA,CTA,3,31,113,128,20,6,640,640,1920.0,1080.0,,,,,,0
Propel_EB_576X360.psd,COPY,TEXT,2,31,31,324,68,7,640,640,1920.0,1080.0,545.0,338.0,550.0,410.0,2.0,1
Propel_EB_624X1420.psd,BACKGROUND,BACKGROUND,-1,0,0,624,1420,0,624,1420,1920.0,1080.0,0.0,0.0,1920.0,1080.0,0.0,1
Propel_EB_624X1420.psd,SKUs,PRODUCT,2,83,616,448,1190,1,624,1420,1920.0,1080.0,82.0,41.0,376.0,1003.0,1.0,1
Propel_EB_624X1420.psd,SUB HEADING,TEXT,2,31,517,506,39,2,624,1420,1920.0,1080.0,545.0,338.0,550.0,410.0,2.0,1
Propel_EB_624X1420.psd,SUB HEADING,TEXT,2,31,434,351,68,3,624,1420,1920.0,1080.0,545.0,338.0,550.0,410.0,2.0,1
Propel_EB_624X1420.psd,LEGAL,LEGAL,3,30,1375,375,13,4,624,1420,1920.0,1080.0,,,,,,0
Propel_EB_624X1420.psd,COPY,TEXT,2,32,190,298,223,5,624,1420,1920.0,1080.0,545.0,338.0,550.0,410.0,2.0,1
Propel_EB_640X160.psd,BACKGROUND,BACKGROUND,-1,-5,-131,654,436,0,640,160,1920.0,1080.0,0.0,0.0,1920.0,1080.0,0.0,1
Propel_EB_640X160.psd,SKUs,PRODUCT,2,246,-115,158,436,1,640,160,1920.0,1080.0,82.0,41.0,376.0,1003.0,1.0,1
Propel_EB_640X160.psd,COPY,TEXT,2,31,32,237,52,2,640,160,1920.0,1080.0,545.0,338.0,550.0,410.0,2.0,1
Propel_EB_640X160.psd,SUB HEADING,TEXT,2,421,88,181,14,3,640,160,1920.0,1080.0,545.0,338.0,550.0,410.0,2.0,1
Propel_EB_640X160.psd,LEGAL,LEGAL,3,421,145,184,7,4,640,160,1920.0,1080.0,,,,,,0
Propel_EB_640X160.psd,COPY,TEXT,2,421,37,187,43,5,640,160,1920.0,1080.0,545.0,338.0,550.0,410.0,2.0,1
Propel_EB_716X496.psd,BACKGROUND,BACKGROUND,-1,0,0,1152,560,0,1152,560,1920.0,1080.0,0.0,0.0,1920.0,1080.0,0.0,1
Propel_EB_716X496.psd,BACKGROUND,BACKGROUND,-1,404,32,716,496,1,1152,560,1920.0,1080.0,0.0,0.0,1920.0,1080.0,0.0,1
Propel_EB_716X496.psd,SKUs,PRODUCT,2,783,41,289,763,2,1152,560,1920.0,1080.0,82.0,41.0,376.0,1003.0,1.0,1
Propel_EB_716X496.psd,COPY,TEXT,2,30,165,333,67,3,1152,560,1920.0,1080.0,545.0,338.0,550.0,410.0,2.0,1
Propel_EB_716X496.psd,LEGAL,LEGAL,3,430,503,375,13,4,1152,560,1920.0,1080.0,,,,,,0
Propel_EB_716X496.psd,SUB HEADING,TEXT,2,432,358,369,28,5,1152,560,1920.0,1080.0,545.0,338.0,550.0,410.0,2.0,1
Propel_EB_716X496.psd,CTA,CTA,3,30,262,128,23,6,1152,560,1920.0,1080.0,,,,,,0
Propel_EB_716X496.psd,COPY,TEXT,2,431,181,218,163,7,1152,560,1920.0,1080.0,545.0,338.0,550.0,410.0,2.0,1
Propel_EB_884X248.psd,BACKGROUND,BACKGROUND,-1,0,0,1280,312,0,1280,312,1920.0,1080.0,0.0,0.0,1920.0,1080.0,0.0,1
Propel_EB_884X248.psd,BACKGROUND,BACKGROUND,-1,364,32,884,248,1,1280,312,1920.0,1080.0,0.0,0.0,1920.0,1080.0,0.0,1
Propel_EB_884X248.psd,SKUs,PRODUCT,2,381,-328,320,974,2,1280,312,1920.0,1080.0,82.0,41.0,376.0,1003.0,1.0,1
Propel_EB_884X248.psd,CTA,CTA,3,32,260,122,21,3,1280,312,1920.0,1080.0,,,,,,0
Propel_EB_884X248.psd,LEGAL,LEGAL,3,768,260,375,13,4,1280,312,1920.0,1080.0,,,,,,0
Propel_EB_884X248.psd,COPY,TEXT,2,31,32,285,62,5,1280,312,1920.0,1080.0,545.0,338.0,550.0,410.0,2.0,1
Propel_EB_884X248.psd,SUB HEADING,TEXT,2,767,204,369,28,6,1280,312,1920.0,1080.0,545.0,338.0,550.0,410.0,2.0,1
Propel_EB_884X248.psd,COPY,TEXT,2,767,97,417,94,7,1280,312,1920.0,1080.0,545.0,338.0,550.0,410.0,2.0,1
Quaker_School_500X300.psd,BACKGROUND,BACKGROUND,-1,0,0,500,300,0,500,300,,,,,,,,0
Quaker_School_500X300.psd,COPY,TEXT,2,175,34,274,129,1,500,300,,,,,,,,0
Quaker_School_500X300.psd,SKUs,PRODUCT,2,83,164,417,183,2,500,300,,,,,,,,0
Quaker_School_750x250.psd,BACKGROUND,BACKGROUND,-1,0,0,750,250,0,750,250,,,,,,,,0
Quaker_School_750x250.psd,COPY,TEXT,2,140,58,246,116,1,750,250,,,,,,,,0
Quaker_School_750x250.psd,SKUs,PRODUCT,2,397,35,353,269,2,750,250,,,,,,,,0
Ruffles_1270X415.psd,BACKGROUND,BACKGROUND,-1,0,0,1270,415,0,1270,415,1920.0,1080.0,0.0,0.0,1920.0,1080.0,0.0,1
Ruffles_1270X415.psd,SKUs,PRODUCT,2,332,35,606,356,1,1270,415,1920.0,1080.0,644.0,21.0,795.0,930.0,3.0,1
Ruffles_1270X415.psd,LOGO,LOGO,0,999,272,271,132,2,1270,415,1920.0,1080.0,1305.0,784.0,568.0,265.0,2.0,1
Ruffles_1270X415.psd,COPY,TEXT,2,43,64,269,283,3,1270,415,1920.0,1080.0,0.0,107.0,913.0,483.0,1.0,1
Ruffles_1270X90.psd,BACKGROUND,BACKGROUND,-1,0,0,1270,90,0,1270,90,1920.0,1080.0,0.0,0.0,1920.0,1080.0,0.0,1
Ruffles_1270X90.psd,SKUs,PRODUCT,2,542,2,191,106,1,1270,90,1920.0,1080.0,644.0,21.0,795.0,930.0,3.0,1
Ruffles_1270X90.psd,LOGO,LOGO,0,848,-3,184,98,2,1270,90,1920.0,1080.0,1305.0,784.0,568.0,265.0,2.0,1
Ruffles_1270X90.psd,COPY,TEXT,2,190,0,170,90,3,1270,90,1920.0,1080.0,0.0,107.0,913.0,483.0,1.0,1
Ruffles_300X250.psd,BACKGROUND,BACKGROUND,-1,0,0,300,250,0,300,250,1920.0,1080.0,0.0,0.0,1920.0,1080.0,0.0,1
Ruffles_300X250.psd,SKUs,PRODUCT,2,18,62,264,155,1,300,250,1920.0,1080.0,644.0,21.0,795.0,930.0,3.0,1
Ruffles_300X250.psd,LOGO,LOGO,0,210,205,88,46,2,300,250,1920.0,1080.0,1305.0,784.0,568.0,265.0,2.0,1
Ruffles_300X250.psd,COPY,TEXT,2,18,7,115,60,3,300,250,1920.0,1080.0,0.0,107.0,913.0,483.0,1.0,1
Ruffles_300X50.psd,BACKGROUND,BACKGROUND,-1,0,0,300,50,0,300,50,1920.0,1080.0,0.0,0.0,1920.0,1080.0,0.0,1
Ruffles_300X50.psd,SKUs,PRODUCT,2,100,3,101,61,1,300,50,1920.0,1080.0,644.0,21.0,795.0,930.0,3.0,1
Ruffles_300X50.psd,LOGO,LOGO,0,205,15,48,23,2,300,50,1920.0,1080.0,1305.0,784.0,568.0,265.0,2.0,1
Ruffles_300X50.psd,COPY,TEXT,2,10,1,80,42,3,300,50,1920.0,1080.0,0.0,107.0,913.0,483.0,1.0,1
Ruffles_728X90.psd,BACKGROUND,BACKGROUND,-1,0,0,728,90,0,728,90,1920.0,1080.0,0.0,0.0,1920.0,1080.0,0.0,1
Ruffles_728X90.psd,SKUs,PRODUCT,2,269,0,191,112,1,728,90,1920.0,1080.0,644.0,21.0,795.0,930.0,3.0,1
Ruffles_728X90.psd,LOGO,LOGO,0,484,16,125,61,2,728,90,1920.0,1080.0,1305.0,784.0,568.0,265.0,2.0,1
Ruffles_728X90.psd,COPY,TEXT,2,52,0,170,90,3,728,90,1920.0,1080.0,0.0,107.0,913.0,483.0,1.0,1
Ruffles_970X90.psd,BACKGROUND,BACKGROUND,-1,0,0,970,90,0,970,90,1920.0,1080.0,0.0,0.0,1920.0,1080.0,0.0,1
Ruffles_970X90.psd,SKUs,PRODUCT,2,387,3,195,108,1,970,90,1920.0,1080.0,644.0,21.0,795.0,930.0,3.0,1
Ruffles_970X90.psd,LOGO,LOGO,0,634,1,164,88,2,970,90,1920.0,1080.0,1305.0,784.0,568.0,265.0,2.0,1
Ruffles_970X90.psd,COPY,TEXT,2,111,0,172,90,3,970,90,1920.0,1080.0,0.0,107.0,913.0,483.0,1.0,1
ShareJoy_1100X600.psd,BACKGROUND,BACKGROUND,-1,0,0,1100,600,0,1100,600,,,,,,,,0
ShareJoy_1100X600.psd,SKUs,PRODUCT,2,277,153,779,354,1,1100,600,,,,,,,,0
ShareJoy_1100X600.psd,COPY,TEXT,2,3,153,325,351,2,1100,600,,,,,,,,0
ShareJoy_1100X600.psd,FIXED,FIXED,4,0,464,1100,136,3,1100,600,,,,,,,,0
ShareJoy_3300X413.psd,BACKGROUND,BACKGROUND,-1,0,0,3300,413,0,3300,413,,,,,,,,0
ShareJoy_3300X413.psd,SKUs,PRODUCT,2,1444,28,854,385,1,3300,413,,,,,,,,0
ShareJoy_3300X413.psd,COPY,TEXT,2,1004,0,372,403,2,3300,413,,,,,,,,0
ShareJoy_3300X413.psd,FIXED,FIXED,4,925,364,1438,49,3,3300,413,,,,,,,,0
ShareJoy_3300X825.psd,BACKGROUND,BACKGROUND,-1,0,0,3300,825,0,3300,825,,,,,,,,0
ShareJoy_3300X825.psd,SKUs,PRODUCT,2,1269,81,1493,657,1,3300,825,,,,,,,,0
ShareJoy_3300X825.psd,COPY,TEXT,2,588,69,626,677,2,3300,825,,,,,,,,0
ShareJoy_3300X825.psd,FIXED,FIXED,4,0,685,3300,140,3,3300,825,,,,,,,,0
StarbucksChristmas_160X600.psd,BACKGROUND,BACKGROUND,-1,0,0,160,600,0,160,600,1920.0,1080.0,0.0,0.0,1920.0,1080.0,0.0,1
StarbucksChristmas_160X600.psd,SKUs,PRODUCT,2,26,265,109,312,1,160,600,1920.0,1080.0,1089.0,57.0,399.0,1206.0,5.0,1
StarbucksChristmas_160X600.psd,COPY,TEXT,2,8,171,145,83,2,160,600,1920.0,1080.0,34.0,475.0,749.0,430.0,1.0,1
StarbucksChristmas_160X600.psd,OFFER,PRICE,3,12,52,88,106,3,160,600,1920.0,1080.0,281.0,48.0,295.0,353.0,3.0,1
StarbucksChristmas_160X600.psd,COPY,TEXT,2,10,-77,189,147,4,160,600,1920.0,1080.0,34.0,475.0,749.0,430.0,1.0,1
StarbucksChristmas_160X600.psd,CTA,CTA,3,16,545,129,40,5,160,600,1920.0,1080.0,,,,,,0
StarbucksChristmas_300X250.psd,BACKGROUND,BACKGROUND,-1,0,0,300,250,0,300,250,1920.0,1080.0,0.0,0.0,1920.0,1080.0,0.0,1
StarbucksChristmas_300X250.psd,SKUs,PRODUCT,2,171,34,84,255,1,300,250,1920.0,1080.0,1089.0,57.0,399.0,1206.0,5.0,1
StarbucksChristmas_300X250.psd,COPY,TEXT,2,9,81,158,91,2,300,250,1920.0,1080.0,34.0,475.0,749.0,430.0,1.0,1
StarbucksChristmas_300X250.psd,OFFER,PRICE,3,110,8,66,80,3,300,250,1920.0,1080.0,281.0,48.0,295.0,353.0,3.0,1
StarbucksChristmas_300X250.psd,COPY,TEXT,2,195,-52,131,102,4,300,250,1920.0,1080.0,34.0,475.0,749.0,430.0,1.0,1
StarbucksChristmas_300X250.psd,CTA,CTA,3,8,212,117,30,5,300,250,1920.0,1080.0,,,,,,0
StarbucksChristmas_300X50.psd,BACKGROUND,BACKGROUND,-1,0,0,300,50,0,300,50,1920.0,1080.0,0.0,0.0,1920.0,1080.0,0.0,1
StarbucksChristmas_300X50.psd,SKUs,PRODUCT,2,207,2,42,125,1,300,50,1920.0,1080.0,1089.0,57.0,399.0,1206.0,5.0,1
StarbucksChristmas_300X50.psd,COPY,TEXT,2,44,5,165,42,2,300,50,1920.0,1080.0,34.0,475.0,749.0,430.0,1.0,1
StarbucksChristmas_300X50.psd,COPY,TEXT,2,-7,-17,62,48,3,300,50,1920.0,1080.0,34.0,475.0,749.0,430.0,1.0,1
StarbucksChristmas_300X50.psd,CTA,CTA,3,249,8,45,33,4,300,50,1920.0,1080.0,,,,,,0
StarbucksChristmas_300X600.psd,BACKGROUND,BACKGROUND,-1,0,0,300,600,0,300,600,1920.0,1080.0,0.0,0.0,1920.0,1080.0,0.0,1
StarbucksChristmas_300X600.psd,SKUs,PRODUCT,2,165,235,117,328,1,300,600,1920.0,1080.0,1089.0,57.0,399.0,1206.0,5.0,1
StarbucksChristmas_300X600.psd,COPY,TEXT,2,14,129,245,141,2,300,600,1920.0,1080.0,34.0,475.0,749.0,430.0,1.0,1
StarbucksChristmas_300X600.psd,OFFER,PRICE,3,86,8,93,113,3,300,600,1920.0,1080.0,281.0,48.0,295.0,353.0,3.0,1
StarbucksChristmas_300X600.psd,COPY,TEXT,2,116,-94,231,179,4,300,600,1920.0,1080.0,34.0,475.0,749.0,430.0,1.0,1
StarbucksChristmas_300X600.psd,CTA,CTA,3,19,534,263,49,5,300,600,1920.0,1080.0,,,,,,0
StarbucksChristmas_320X50.psd,BACKGROUND,BACKGROUND,-1,0,0,320,50,0,320,50,1920.0,1080.0,0.0,0.0,1920.0,1080.0,0.0,1
StarbucksChristmas_320X50.psd,SKUs,PRODUCT,2,225,2,42,125,1,320,50,1920.0,1080.0,1089.0,57.0,399.0,1206.0,5.0,1
StarbucksChristmas_320X50.psd,COPY,TEXT,2,54,5,165,42,2,320,50,1920.0,1080.0,34.0,475.0,749.0,430.0,1.0,1
StarbucksChristmas_320X50.psd,COPY,TEXT,2,-5,-15,62,48,3,320,50,1920.0,1080.0,34.0,475.0,749.0,430.0,1.0,1
StarbucksChristmas_320X50.psd,CTA,CTA,3,269,8,45,33,4,320,50,1920.0,1080.0,,,,,,0
StarbucksChristmas_728X90.psd,BACKGROUND,BACKGROUND,-1,0,0,728,90,0,728,90,1920.0,1080.0,0.0,0.0,1920.0,1080.0,0.0,1
StarbucksChristmas_728X90.psd,SKUs,PRODUCT,2,523,0,95,285,1,728,90,1920.0,1080.0,1089.0,57.0,399.0,1206.0,5.0,1
StarbucksChristmas_728X90.psd,COPY,TEXT,2,113,6,316,81,2,728,90,1920.0,1080.0,34.0,475.0,749.0,430.0,1.0,1
StarbucksChristmas_728X90.psd,OFFER,PRICE,3,447,0,75,90,3,728,90,1920.0,1080.0,281.0,48.0,295.0,353.0,3.0,1
StarbucksChristmas_728X90.psd,COPY,TEXT,2,-35,-72,173,134,4,728,90,1920.0,1080.0,34.0,475.0,749.0,430.0,1.0,1
StarbucksChristmas_728X90.psd,CTA,CTA,3,626,13,87,64,5,728,90,1920.0,1080.0,,,,,,0
Starbucks_160X600.psd,BACKGROUND,BACKGROUND,-1,0,0,160,600,0,160,600,1920.0,1080.0,0.0,0.0,1920.0,1080.0,0.0,1
Starbucks_160X600.psd,COPY,TEXT,2,11,442,143,44,1,160,600,1920.0,1080.0,80.0,355.0,1769.0,209.0,1.0,1
Starbucks_160X600.psd,COPY,TEXT,2,41,106,83,42,2,160,600,1920.0,1080.0,80.0,355.0,1769.0,209.0,1.0,1
Starbucks_160X600.psd,SKUs,PRODUCT,2,-79,116,324,334,3,160,600,1920.0,1080.0,236.0,-2.0,1198.0,963.0,2.0,1
Starbucks_160X600.psd,LOGO,LOGO,0,49,15,65,65,4,160,600,1920.0,1080.0,1484.0,888.0,365.0,118.0,3.0,1
Starbucks_160X600.psd,CTA,CTA,3,32,515,100,37,5,160,600,1920.0,1080.0,,,,,,0
Starbucks_160X600.psd,LEGAL,LEGAL,3,20,581,125,7,6,160,600,1920.0,1080.0,80.0,919.0,480.0,87.0,4.0,1
Starbucks_300X250.psd,BACKGROUND,BACKGROUND,-1,0,0,300,250,0,300,250,1920.0,1080.0,0.0,0.0,1920.0,1080.0,0.0,1
Starbucks_300X250.psd,COPY,TEXT,2,182,112,109,33,1,300,250,1920.0,1080.0,80.0,355.0,1769.0,209.0,1.0,1
Starbucks_300X250.psd,COPY,TEXT,2,11,112,63,31,2,300,250,1920.0,1080.0,80.0,355.0,1769.0,209.0,1.0,1
Starbucks_300X250.psd,SKUs,PRODUCT,2,36,39,186,157,3,300,250,1920.0,1080.0,236.0,-2.0,1198.0,963.0,2.0,1
Starbucks_300X250.psd,LOGO,LOGO,0,244,11,45,45,4,300,250,1920.0,1080.0,1484.0,888.0,365.0,118.0,3.0,1
Starbucks_300X250.psd,CTA,CTA,3,189,203,100,36,5,300,250,1920.0,1080.0,,,,,,0
Starbucks_300X250.psd,LEGAL,LEGAL,3,11,232,127,7,6,300,250,1920.0,1080.0,80.0,919.0,480.0,87.0,4.0,1
Starbucks_300X50.psd,BACKGROUND,BACKGROUND,-1,0,0,300,50,0,300,50,1920.0,1080.0,0.0,0.0,1920.0,1080.0,0.0,1
Starbucks_300X50.psd,COPY,TEXT,2,50,15,42,21,1,300,50,1920.0,1080.0,80.0,355.0,1769.0,209.0,1.0,1
Starbucks_300X50.psd,COPY,TEXT,2,135,15,74,23,2,300,50,1920.0,1080.0,80.0,355.0,1769.0,209.0,1.0,1
Starbucks_300X50.psd,SKUs,PRODUCT,2,76,-13,77,65,3,300,50,1920.0,1080.0,236.0,-2.0,1198.0,963.0,2.0,1
Starbucks_300X50.psd,LEGAL,LEGAL,3,212,43,82,4,4,300,50,1920.0,1080.0,80.0,919.0,480.0,87.0,4.0,1
Starbucks_300X50.psd,LOGO,LOGO,0,15,11,29,29,5,300,50,1920.0,1080.0,1484.0,888.0,365.0,118.0,3.0,1
Starbucks_300X50.psd,CTA,CTA,3,222,15,58,21,6,300,50,1920.0,1080.0,,,,,,0
Starbucks_300X600.psd,BACKGROUND,BACKGROUND,-1,0,0,300,600,0,300,600,1920.0,1080.0,0.0,0.0,1920.0,1080.0,0.0,1
Starbucks_300X600.psd,CTA,CTA,3,100,521,99,37,1,300,600,1920.0,1080.0,,,,,,0
Starbucks_300X600.psd,COPY,TEXT,2,40,437,219,66,2,300,600,1920.0,1080.0,80.0,355.0,1769.0,209.0,1.0,1
Starbucks_300X600.psd,COPY,TEXT,2,86,96,127,64,3,300,600,1920.0,1080.0,80.0,355.0,1769.0,209.0,1.0,1
Starbucks_300X600.psd,SKUs,PRODUCT,2,-54,95,426,358,4,300,600,1920.0,1080.0,236.0,-2.0,1198.0,963.0,2.0,1
Starbucks_300X600.psd,LEGAL,LEGAL,3,87,573,125,7,5,300,600,1920.0,1080.0,80.0,919.0,480.0,87.0,4.0,1
Starbucks_300X600.psd,LOGO,LOGO,0,120,20,59,59,6,300,600,1920.0,1080.0,1484.0,888.0,365.0,118.0,3.0,1
Starbucks_320X50.psd,BACKGROUND,BACKGROUND,-1,0,0,320,50,0,320,50,1920.0,1080.0,0.0,0.0,1920.0,1080.0,0.0,1
Starbucks_320X50.psd,COPY,TEXT,2,59,14,45,23,1,320,50,1920.0,1080.0,80.0,355.0,1769.0,209.0,1.0,1
Starbucks_320X50.psd,COPY,TEXT,2,150,14,78,24,2,320,50,1920.0,1080.0,80.0,355.0,1769.0,209.0,1.0,1
Starbucks_320X50.psd,SKUs,PRODUCT,2,87,-16,81,69,3,320,50,1920.0,1080.0,236.0,-2.0,1198.0,963.0,2.0,1
Starbucks_320X50.psd,LEGAL,LEGAL,3,226,41,82,4,4,320,50,1920.0,1080.0,80.0,919.0,480.0,87.0,4.0,1
Starbucks_320X50.psd,LOGO,LOGO,0,13,8,35,34,5,320,50,1920.0,1080.0,1484.0,888.0,365.0,118.0,3.0,1
Starbucks_320X50.psd,CTA,CTA,3,241,14,58,21,6,320,50,1920.0,1080.0,,,,,,0
Starbucks_728X90.psd,BACKGROUND,BACKGROUND,-1,0,0,728,90,0,728,90,1920.0,1080.0,0.0,0.0,1920.0,1080.0,0.0,1
Starbucks_728X90.psd,SUB HEADING,TEXT,2,376,43,201,15,1,728,90,1920.0,1080.0,80.0,355.0,1769.0,209.0,1.0,1
Starbucks_728X90.psd,COPY,TEXT,2,112,30,61,31,2,728,90,1920.0,1080.0,80.0,355.0,1769.0,209.0,1.0,1
Starbucks_728X90.psd,COPY,TEXT,2,251,31,106,32,3,728,90,1920.0,1080.0,80.0,355.0,1769.0,209.0,1.0,1
Starbucks_728X90.psd,SKUs,PRODUCT,2,143,-21,141,120,4,728,90,1920.0,1080.0,236.0,-2.0,1198.0,963.0,2.0,1
Starbucks_728X90.psd,LEGAL,LEGAL,3,415,68,123,6,5,728,90,1920.0,1080.0,80.0,919.0,480.0,87.0,4.0,1
Starbucks_728X90.psd,LOGO,LOGO,0,30,18,59,58,6,728,90,1920.0,1080.0,1484.0,888.0,365.0,118.0,3.0,1
Starbucks_728X90.psd,CTA,CTA,3,599,29,96,36,7,728,90,1920.0,1080.0,,,,,,0
Trolli_161X601.psd,BACKGROUND,BACKGROUND,-1,0,0,161,601,0,161,601,1920.0,1080.0,0.0,0.0,1920.0,1080.0,0.0,1
Trolli_161X601.psd,SKUs,PRODUCT,2,2,106,163,393,1,161,601,1920.0,1080.0,882.0,64.0,972.0,1138.0,1.0,1
Trolli_161X601.psd,LEGAL,LEGAL,3,1,559,159,42,2,161,601,1920.0,1080.0,3.0,983.0,1023.0,87.0,3.0,1
Trolli_161X601.psd,CTA,CTA,3,13,516,135,42,3,161,601,1920.0,1080.0,,,,,,0
Trolli_161X601.psd,COPY,TEXT,2,1,25,160,61,4,161,601,1920.0,1080.0,45.0,106.0,879.0,337.0,2.0,1
Trolli_301X250.psd,BACKGROUND,BACKGROUND,-1,0,0,301,251,0,301,251,1920.0,1080.0,0.0,0.0,1920.0,1080.0,0.0,1
Trolli_301X250.psd,SKUs,PRODUCT,2,129,39,189,235,1,301,251,1920.0,1080.0,882.0,64.0,972.0,1138.0,1.0,1
Trolli_301X250.psd,LEGAL,LEGAL,3,-4,231,163,24,2,301,251,1920.0,1080.0,3.0,983.0,1023.0,87.0,3.0,1
Trolli_301X250.psd,CTA,CTA,3,25,204,85,26,3,301,251,1920.0,1080.0,,,,,,0
Trolli_301X250.psd,COPY,TEXT,2,5,14,145,56,4,301,251,1920.0,1080.0,45.0,106.0,879.0,337.0,2.0,1
Trolli_301X601.psd,BACKGROUND,BACKGROUND,-1,0,0,301,601,0,301,601,1920.0,1080.0,0.0,0.0,1920.0,1080.0,0.0,1
Trolli_301X601.psd,SKUs,PRODUCT,2,2,182,340,470,1,301,601,1920.0,1080.0,882.0,64.0,972.0,1138.0,1.0,1
Trolli_301X601.psd,CTA,CTA,3,76,520,149,44,2,301,601,1920.0,1080.0,,,,,,0
Trolli_301X601.psd,COPY,TEXT,2,22,22,270,103,3,301,601,1920.0,1080.0,45.0,106.0,879.0,337.0,2.0,1
Trolli_301X601.psd,LEGAL,LEGAL,3,-9,558,320,46,4,301,601,1920.0,1080.0,3.0,983.0,1023.0,87.0,3.0,1
Trolli_301x50.psd,BACKGROUND,BACKGROUND,-1,0,0,301,50,0,301,50,1920.0,1080.0,0.0,0.0,1920.0,1080.0,0.0,1
Trolli_301x50.psd,SKUs,PRODUCT,2,149,2,70,82,1,301,50,1920.0,1080.0,882.0,64.0,972.0,1138.0,1.0,1
Trolli_301x50.psd,CTA,CTA,3,224,8,67,20,2,301,50,1920.0,1080.0,,,,,,0
Trolli_301x50.psd,LEGAL,LEGAL,3,219,30,80,20,3,301,50,1920.0,1080.0,3.0,983.0,1023.0,87.0,3.0,1
Trolli_301x50.psd,COPY,TEXT,2,3,4,108,42,4,301,50,1920.0,1080.0,45.0,106.0,879.0,337.0,2.0,1
Trolli_321X50.psd,BACKGROUND,BACKGROUND,-1,0,0,321,50,0,321,50,1920.0,1080.0,0.0,0.0,1920.0,1080.0,0.0,1
Trolli_321X50.psd,SKUs,PRODUCT,2,161,2,69,82,1,321,50,1920.0,1080.0,882.0,64.0,972.0,1138.0,1.0,1
Trolli_321X50.psd,CTA,CTA,3,244,8,67,20,2,321,50,1920.0,1080.0,,,,,,0
Trolli_321X50.psd,LEGAL,LEGAL,3,239,30,80,20,3,321,50,1920.0,1080.0,3.0,983.0,1023.0,87.0,3.0,1
Trolli_321X50.psd,COPY,TEXT,2,3,4,108,42,4,321,50,1920.0,1080.0,45.0,106.0,879.0,337.0,2.0,1
Trolli_720X1280.psd,BACKGROUND,BACKGROUND,-1,0,0,720,1280,0,720,1280,1920.0,1080.0,0.0,0.0,1920.0,1080.0,0.0,1
Trolli_720X1280.psd,SKUs,PRODUCT,2,32,369,761,1027,1,720,1280,1920.0,1080.0,882.0,64.0,972.0,1138.0,1.0,1
Trolli_720X1280.psd,LEGAL,LEGAL,3,9,1216,705,48,2,720,1280,1920.0,1080.0,3.0,983.0,1023.0,87.0,3.0,1
Trolli_720X1280.psd,COPY,TEXT,2,76,18,592,228,3,720,1280,1920.0,1080.0,45.0,106.0,879.0,337.0,2.0,1
Trolli_729X90.psd,BACKGROUND,BACKGROUND,-1,0,0,729,90,0,729,90,1920.0,1080.0,0.0,0.0,1920.0,1080.0,0.0,1
Trolli_729X90.psd,SKUs,PRODUCT,2,379,0,135,160,1,729,90,1920.0,1080.0,882.0,64.0,972.0,1138.0,1.0,1
Trolli_729X90.psd,LEGAL,LEGAL,3,573,54,151,35,2,729,90,1920.0,1080.0,3.0,983.0,1023.0,87.0,3.0,1
Trolli_729X90.psd,CTA,CTA,3,581,11,130,38,3,729,90,1920.0,1080.0,,,,,,0
Trolli_729X90.psd,COPY,TEXT,2,6,5,210,80,4,729,90,1920.0,1080.0,45.0,106.0,879.0,337.0,2.0,1
Trolli_800X418.psd,BACKGROUND,BACKGROUND,-1,0,0,800,418,0,800,418,1920.0,1080.0,0.0,0.0,1920.0,1080.0,0.0,1
Trolli_800X418.psd,SKUs,PRODUCT,2,359,16,394,461,1,800,418,1920.0,1080.0,882.0,64.0,972.0,1138.0,1.0,1
Trolli_800X418.psd,COPY,TEXT,2,8,33,355,136,2,800,418,1920.0,1080.0,45.0,106.0,879.0,337.0,2.0,1
Trolli_800X418.psd,LEGAL,LEGAL,3,-14,372,439,61,3,800,418,1920.0,1080.0,3.0,983.0,1023.0,87.0,3.0,1
